{"x":10,"y":120,"height":378,"width":1142,"edit_mode":true,"id":"main-container","name":"ContactMe","classes":[],"parent":null,"background_color":"fafafa","border_color":"000000","border_width":"0","is_container":true,"controls":[{"x":40,"y":40,"height":28,"width":200,"edit_mode":true,"id":"ctrl_5","name":"Contact","classes":[],"parent":"main-container","background_color":"fafafa","border_color":"000000","border_width":"0","is_container":true,"controls":[{"x":0,"y":28,"height":28,"width":198,"edit_mode":true,"id":"ctrl_6","name":"id","classes":[],"parent":"ctrl_5","background_color":"fafafa","border_color":"000000","border_width":"1","is_container":false,"defaultValue":null,"autoIncrement":true,"primaryKey":true,"fieldType":"INTEGER","required":true,"size":"255","klass":"Column"},{"x":0,"y":56,"height":28,"width":198,"edit_mode":true,"id":"ctrl_7","name":"status","classes":[],"parent":"ctrl_5","background_color":"fafafa","border_color":"000000","border_width":"1","is_container":false,"defaultValue":null,"autoIncrement":false,"primaryKey":false,"fieldType":"VARCHAR","required":false,"size":"255","klass":"Column"},{"x":0,"y":84,"height":28,"width":198,"edit_mode":true,"id":"ctrl_8","name":"firstName","classes":[],"parent":"ctrl_5","background_color":"fafafa","border_color":"000000","border_width":"1","is_container":false,"defaultValue":null,"autoIncrement":false,"primaryKey":false,"fieldType":"VARCHAR","required":false,"size":"255","klass":"Column"},{"x":0,"y":112,"height":28,"width":198,"edit_mode":true,"id":"ctrl_9","name":"lastName","classes":[],"parent":"ctrl_5","background_color":"fafafa","border_color":"000000","border_width":"1","is_container":false,"defaultValue":null,"autoIncrement":false,"primaryKey":false,"fieldType":"VARCHAR","required":false,"size":"255","klass":"Column"},{"x":0,"y":140,"height":28,"width":198,"edit_mode":true,"id":"ctrl_10","name":"photoUrl","classes":[],"parent":"ctrl_5","background_color":"fafafa","border_color":"000000","border_width":"1","is_container":false,"defaultValue":null,"autoIncrement":false,"primaryKey":false,"fieldType":"VARCHAR","required":false,"size":"255","klass":"Column"},{"x":0,"y":168,"height":28,"width":198,"edit_mode":true,"id":"ctrl_11","name":"jobTitle","classes":[],"parent":"ctrl_5","background_color":"fafafa","border_color":"000000","border_width":"1","is_container":false,"defaultValue":null,"autoIncrement":false,"primaryKey":false,"fieldType":"VARCHAR","required":false,"size":"255","klass":"Column"},{"x":0,"y":196,"height":28,"width":198,"edit_mode":true,"id":"ctrl_12","name":"owner","classes":[],"parent":"ctrl_5","background_color":"fafafa","border_color":"000000","border_width":"1","is_container":false,"defaultValue":null,"autoIncrement":false,"primaryKey":false,"fieldType":"VARCHAR","required":false,"size":"255","klass":"Column"},{"x":0,"y":224,"height":28,"width":198,"edit_mode":true,"id":"ctrl_13","name":"createdAt","classes":[],"parent":"ctrl_5","background_color":"fafafa","border_color":"000000","border_width":"1","is_container":false,"defaultValue":null,"autoIncrement":false,"primaryKey":false,"fieldType":"TIMESTAMP","required":false,"size":"255","klass":"Column"},{"x":0,"y":252,"height":28,"width":198,"edit_mode":true,"id":"ctrl_14","name":"modifiedAt","classes":[],"parent":"ctrl_5","background_color":"fafafa","border_color":"000000","border_width":"1","is_container":false,"defaultValue":null,"autoIncrement":false,"primaryKey":false,"fieldType":"TIMESTAMP","required":false,"size":"255","klass":"Column"},{"x":0,"y":280,"height":28,"width":198,"edit_mode":true,"id":"ctrl_15","name":"company","classes":[],"parent":"ctrl_5","background_color":"fafafa","border_color":"000000","border_width":"1","is_container":false,"defaultValue":null,"autoIncrement":false,"primaryKey":false,"fieldType":"INTEGER","required":false,"size":"255","klass":"Column"},{"x":0,"y":308,"height":28,"width":198,"edit_mode":true,"id":"ctrl_16","name":"contactInfo","classes":[],"parent":"ctrl_5","background_color":"fafafa","border_color":"000000","border_width":"1","is_container":false,"defaultValue":null,"autoIncrement":false,"primaryKey":false,"fieldType":"INTEGER","required":false,"size":"255","klass":"Column"},{"x":0,"y":336,"height":28,"width":198,"edit_mode":true,"id":"ctrl_17","name":"note","classes":[],"parent":"ctrl_5","background_color":"fafafa","border_color":"000000","border_width":"1","is_container":false,"defaultValue":null,"autoIncrement":false,"primaryKey":false,"fieldType":"VARCHAR","required":false,"size":"4098","klass":"Column"},{"x":0,"y":364,"height":28,"width":198,"edit_mode":true,"id":"ctrl_18","name":"imgSrc","classes":[],"parent":"ctrl_5","background_color":"fafafa","border_color":"000000","border_width":"1","is_container":false,"defaultValue":null,"autoIncrement":false,"primaryKey":false,"fieldType":"VARCHAR","required":false,"size":"512000","klass":"Column"},{"x":0,"y":392,"height":28,"width":198,"edit_mode":true,"id":"ctrl_19","name":"companyName","classes":[],"parent":"ctrl_5","background_color":"fafafa","border_color":"000000","border_width":"1","is_container":false,"defaultValue":null,"autoIncrement":false,"primaryKey":false,"fieldType":"VARCHAR","required":false,"size":"255","klass":"Column"}],"klass":"Entity","corners":"ui-corner-all","foreign_keys":[{"name":"company_id","tableName":"Company","onUpdate":"none","onDelete":"none","references":[{"sequence":0,"local_column_name":"company","foreign_column_name":"id"}],"klass":"ForeignKey"},{"name":"contactInfo_id","tableName":"ContactInfo","onUpdate":"none","onDelete":"none","references":[{"sequence":0,"local_column_name":"contactInfo","foreign_column_name":"id"}],"klass":"ForeignKey"}],"indices":[],"hidden":false},{"x":1061.0001015072633,"y":19.966662824707043,"height":28,"width":200,"edit_mode":true,"id":"ctrl_20","name":"Address","classes":[],"parent":"main-container","background_color":"fafafa","border_color":"000000","border_width":"0","is_container":true,"controls":[{"x":0,"y":28,"height":28,"width":198,"edit_mode":true,"id":"ctrl_21","name":"id","classes":[],"parent":"ctrl_20","background_color":"fafafa","border_color":"000000","border_width":"1","is_container":false,"defaultValue":null,"autoIncrement":true,"primaryKey":true,"fieldType":"INTEGER","required":true,"size":"255","klass":"Column"},{"x":0,"y":56,"height":28,"width":198,"edit_mode":true,"id":"ctrl_22","name":"city","classes":[],"parent":"ctrl_20","background_color":"fafafa","border_color":"000000","border_width":"1","is_container":false,"defaultValue":null,"autoIncrement":false,"primaryKey":false,"fieldType":"VARCHAR","required":false,"size":"255","klass":"Column"},{"x":0,"y":84,"height":28,"width":198,"edit_mode":true,"id":"ctrl_23","name":"state","classes":[],"parent":"ctrl_20","background_color":"fafafa","border_color":"000000","border_width":"1","is_container":false,"defaultValue":null,"autoIncrement":false,"primaryKey":false,"fieldType":"VARCHAR","required":false,"size":"255","klass":"Column"},{"x":0,"y":112,"height":28,"width":198,"edit_mode":true,"id":"ctrl_24","name":"zip","classes":[],"parent":"ctrl_20","background_color":"fafafa","border_color":"000000","border_width":"1","is_container":false,"defaultValue":null,"autoIncrement":false,"primaryKey":false,"fieldType":"VARCHAR","required":false,"size":"255","klass":"Column"},{"x":0,"y":140,"height":28,"width":198,"edit_mode":true,"id":"ctrl_25","name":"countryCode","classes":[],"parent":"ctrl_20","background_color":"fafafa","border_color":"000000","border_width":"1","is_container":false,"defaultValue":null,"autoIncrement":false,"primaryKey":false,"fieldType":"VARCHAR","required":false,"size":"255","klass":"Column"},{"x":0,"y":168,"height":28,"width":198,"edit_mode":true,"id":"ctrl_26","name":"address","classes":[],"parent":"ctrl_20","background_color":"fafafa","border_color":"000000","border_width":"1","is_container":false,"defaultValue":null,"autoIncrement":false,"primaryKey":false,"fieldType":"VARCHAR","required":false,"size":"2048","klass":"Column"}],"klass":"Entity","corners":"ui-corner-all","foreign_keys":[],"indices":[],"hidden":false},{"x":318.3333534603882,"y":197.33334678466798,"height":28,"width":200,"edit_mode":true,"id":"ctrl_27","name":"Company","classes":[],"parent":"main-container","background_color":"fafafa","border_color":"000000","border_width":"0","is_container":true,"controls":[{"x":0,"y":28,"height":28,"width":198,"edit_mode":true,"id":"ctrl_28","name":"id","classes":[],"parent":"ctrl_27","background_color":"fafafa","border_color":"000000","border_width":"1","is_container":false,"defaultValue":null,"autoIncrement":true,"primaryKey":true,"fieldType":"INTEGER","required":true,"size":"255","klass":"Column"},{"x":0,"y":56,"height":28,"width":198,"edit_mode":true,"id":"ctrl_29","name":"name","classes":[],"parent":"ctrl_27","background_color":"fafafa","border_color":"000000","border_width":"1","is_container":false,"defaultValue":null,"autoIncrement":false,"primaryKey":false,"fieldType":"VARCHAR","required":false,"size":"255","klass":"Column"},{"x":0,"y":84,"height":28,"width":198,"edit_mode":true,"id":"ctrl_30","name":"parentCompany","classes":[],"parent":"ctrl_27","background_color":"fafafa","border_color":"000000","border_width":"1","is_container":false,"defaultValue":null,"autoIncrement":false,"primaryKey":false,"fieldType":"INTEGER","required":false,"size":"255","klass":"Column"},{"x":0,"y":112,"height":28,"width":198,"edit_mode":true,"id":"ctrl_31","name":"contactInfo","classes":[],"parent":"ctrl_27","background_color":"fafafa","border_color":"000000","border_width":"1","is_container":false,"defaultValue":null,"autoIncrement":false,"primaryKey":false,"fieldType":"INTEGER","required":false,"size":"255","klass":"Column"}],"klass":"Entity","corners":"ui-corner-all","foreign_keys":[{"name":"parentCompany_id","tableName":"Company","onUpdate":"none","onDelete":"none","references":[{"sequence":0,"local_column_name":"parentCompany","foreign_column_name":"id"}],"klass":"ForeignKey"},{"name":"contactInfo_id","tableName":"ContactInfo","onUpdate":"none","onDelete":"none","references":[{"sequence":0,"local_column_name":"contactInfo","foreign_column_name":"id"}],"klass":"ForeignKey"}],"indices":[],"hidden":false},{"x":326.26667255218507,"y":22.26666587646484,"height":28,"width":200,"edit_mode":true,"id":"ctrl_32","name":"ContactPhone","classes":[],"parent":"main-container","background_color":"fafafa","border_color":"000000","border_width":"0","is_container":true,"controls":[{"x":0,"y":28,"height":28,"width":198,"edit_mode":true,"id":"ctrl_33","name":"id","classes":[],"parent":"ctrl_32","background_color":"fafafa","border_color":"000000","border_width":"1","is_container":false,"defaultValue":null,"autoIncrement":true,"primaryKey":true,"fieldType":"INTEGER","required":true,"size":"255","klass":"Column"},{"x":0,"y":56,"height":28,"width":198,"edit_mode":true,"id":"ctrl_34","name":"contactInfo","classes":[],"parent":"ctrl_32","background_color":"fafafa","border_color":"000000","border_width":"1","is_container":false,"defaultValue":null,"autoIncrement":false,"primaryKey":false,"fieldType":"INTEGER","required":false,"size":"255","klass":"Column"},{"x":0,"y":84,"height":28,"width":198,"edit_mode":true,"id":"ctrl_35","name":"phone","classes":[],"parent":"ctrl_32","background_color":"fafafa","border_color":"000000","border_width":"1","is_container":false,"defaultValue":null,"autoIncrement":false,"primaryKey":false,"fieldType":"VARCHAR","required":false,"size":"255","klass":"Column"},{"x":0,"y":112,"height":28,"width":198,"edit_mode":true,"id":"ctrl_36","name":"type","classes":[],"parent":"ctrl_32","background_color":"fafafa","border_color":"000000","border_width":"1","is_container":false,"defaultValue":null,"autoIncrement":false,"primaryKey":false,"fieldType":"VARCHAR","required":false,"size":"255","klass":"Column"}],"klass":"Entity","corners":"ui-corner-all","foreign_keys":[{"name":"contactInfo_id","tableName":"ContactInfo","onUpdate":"none","onDelete":"none","references":[{"sequence":0,"local_column_name":"contactInfo","foreign_column_name":"id"}],"klass":"ForeignKey"}],"indices":[],"hidden":false},{"x":313.4000038510132,"y":536.3999971752929,"height":28,"width":200,"edit_mode":true,"id":"ctrl_37","name":"ContactEmail","classes":[],"parent":"main-container","background_color":"fafafa","border_color":"000000","border_width":"0","is_container":true,"controls":[{"x":0,"y":28,"height":28,"width":198,"edit_mode":true,"id":"ctrl_38","name":"id","classes":[],"parent":"ctrl_37","background_color":"fafafa","border_color":"000000","border_width":"1","is_container":false,"defaultValue":null,"autoIncrement":true,"primaryKey":true,"fieldType":"INTEGER","required":true,"size":"255","klass":"Column"},{"x":0,"y":56,"height":28,"width":198,"edit_mode":true,"id":"ctrl_39","name":"contactInfo","classes":[],"parent":"ctrl_37","background_color":"fafafa","border_color":"000000","border_width":"1","is_container":false,"defaultValue":null,"autoIncrement":false,"primaryKey":false,"fieldType":"INTEGER","required":false,"size":"255","klass":"Column"},{"x":0,"y":84,"height":28,"width":198,"edit_mode":true,"id":"ctrl_40","name":"email","classes":[],"parent":"ctrl_37","background_color":"fafafa","border_color":"000000","border_width":"1","is_container":false,"defaultValue":null,"autoIncrement":false,"primaryKey":false,"fieldType":"VARCHAR","required":false,"size":"255","klass":"Column"},{"x":0,"y":112,"height":28,"width":198,"edit_mode":true,"id":"ctrl_41","name":"type","classes":[],"parent":"ctrl_37","background_color":"fafafa","border_color":"000000","border_width":"1","is_container":false,"defaultValue":null,"autoIncrement":false,"primaryKey":false,"fieldType":"VARCHAR","required":false,"size":"255","klass":"Column"}],"klass":"Entity","corners":"ui-corner-all","foreign_keys":[{"name":"contactInfo_id","tableName":"ContactInfo","onUpdate":"none","onDelete":"none","references":[{"sequence":0,"local_column_name":"contactInfo","foreign_column_name":"id"}],"klass":"ForeignKey"}],"indices":[],"hidden":false},{"x":784.0666908627319,"y":300.03335899169923,"height":28,"width":200,"edit_mode":true,"id":"ctrl_42","name":"ContactInfo","classes":[],"parent":"main-container","background_color":"fafafa","border_color":"000000","border_width":"0","is_container":true,"controls":[{"x":0,"y":28,"height":28,"width":198,"edit_mode":true,"id":"ctrl_43","name":"id","classes":[],"parent":"ctrl_42","background_color":"fafafa","border_color":"000000","border_width":"1","is_container":false,"defaultValue":null,"autoIncrement":true,"primaryKey":true,"fieldType":"INTEGER","required":true,"size":"255","klass":"Column"},{"x":0,"y":56,"height":28,"width":198,"edit_mode":true,"id":"ctrl_44","name":"owner","classes":[],"parent":"ctrl_42","background_color":"fafafa","border_color":"000000","border_width":"1","is_container":false,"defaultValue":null,"autoIncrement":false,"primaryKey":false,"fieldType":"VARCHAR","required":false,"size":"255","klass":"Column"},{"x":0,"y":84,"height":28,"width":198,"edit_mode":true,"id":"ctrl_45","name":"shipping","classes":[],"parent":"ctrl_42","background_color":"fafafa","border_color":"000000","border_width":"1","is_container":false,"defaultValue":null,"autoIncrement":false,"primaryKey":false,"fieldType":"INTEGER","required":false,"size":"255","klass":"Column"},{"x":0,"y":112,"height":28,"width":198,"edit_mode":true,"id":"ctrl_46","name":"billing","classes":[],"parent":"ctrl_42","background_color":"fafafa","border_color":"000000","border_width":"1","is_container":false,"defaultValue":null,"autoIncrement":false,"primaryKey":false,"fieldType":"INTEGER","required":false,"size":"255","klass":"Column"}],"klass":"Entity","corners":"ui-corner-all","foreign_keys":[{"name":"shipping_id","tableName":"Address","onUpdate":"none","onDelete":"none","references":[{"sequence":0,"local_column_name":"shipping","foreign_column_name":"id"}],"klass":"ForeignKey"},{"name":"billing_id","tableName":"Address","onUpdate":"none","onDelete":"none","references":[{"sequence":0,"local_column_name":"billing","foreign_column_name":"id"}],"klass":"ForeignKey"}],"indices":[],"hidden":false},{"x":316.20002216156007,"y":379.20001548583986,"height":28,"width":200,"edit_mode":true,"id":"ctrl_47","name":"ContactWeb","classes":[],"parent":"main-container","background_color":"fafafa","border_color":"000000","border_width":"0","is_container":true,"controls":[{"x":0,"y":28,"height":28,"width":198,"edit_mode":true,"id":"ctrl_48","name":"id","classes":[],"parent":"ctrl_47","background_color":"fafafa","border_color":"000000","border_width":"1","is_container":false,"defaultValue":null,"autoIncrement":true,"primaryKey":true,"fieldType":"INTEGER","required":true,"size":"255","klass":"Column"},{"x":0,"y":56,"height":28,"width":198,"edit_mode":true,"id":"ctrl_49","name":"contactInfo","classes":[],"parent":"ctrl_47","background_color":"fafafa","border_color":"000000","border_width":"1","is_container":false,"defaultValue":null,"autoIncrement":false,"primaryKey":false,"fieldType":"INTEGER","required":false,"size":"255","klass":"Column"},{"x":0,"y":84,"height":28,"width":198,"edit_mode":true,"id":"ctrl_50","name":"webUrl","classes":[],"parent":"ctrl_47","background_color":"fafafa","border_color":"000000","border_width":"1","is_container":false,"defaultValue":null,"autoIncrement":false,"primaryKey":false,"fieldType":"VARCHAR","required":false,"size":"255","klass":"Column"},{"x":0,"y":112,"height":28,"width":198,"edit_mode":true,"id":"ctrl_51","name":"type","classes":[],"parent":"ctrl_47","background_color":"fafafa","border_color":"000000","border_width":"1","is_container":false,"defaultValue":null,"autoIncrement":false,"primaryKey":false,"fieldType":"VARCHAR","required":false,"size":"255","klass":"Column"}],"klass":"Entity","corners":"ui-corner-all","foreign_keys":[{"name":"contactInfo_id","tableName":"ContactInfo","onUpdate":"none","onDelete":"none","references":[{"sequence":0,"local_column_name":"contactInfo","foreign_column_name":"id"}],"klass":"ForeignKey"}],"indices":[],"hidden":false},{"x":1024.2667030697633,"y":584.2666963940429,"height":28,"width":200,"edit_mode":true,"id":"ctrl_52","name":"Tag","classes":[],"parent":"main-container","background_color":"fafafa","border_color":"000000","border_width":"0","is_container":true,"controls":[{"x":0,"y":28,"height":28,"width":198,"edit_mode":true,"id":"ctrl_53","name":"id","classes":[],"parent":"ctrl_52","background_color":"fafafa","border_color":"000000","border_width":"1","is_container":false,"defaultValue":null,"autoIncrement":true,"primaryKey":true,"fieldType":"INTEGER","required":true,"size":"255","klass":"Column"},{"x":0,"y":56,"height":28,"width":198,"edit_mode":true,"id":"ctrl_54","name":"name","classes":[],"parent":"ctrl_52","background_color":"fafafa","border_color":"000000","border_width":"1","is_container":false,"defaultValue":null,"autoIncrement":false,"primaryKey":false,"fieldType":"VARCHAR","required":false,"size":"255","klass":"Column"}],"klass":"Entity","corners":"ui-corner-all","foreign_keys":[],"indices":[],"hidden":false},{"x":630.5333656674194,"y":568.5333589916992,"height":28,"width":200,"edit_mode":true,"id":"ctrl_55","name":"ContactInfoTag","classes":[],"parent":"main-container","background_color":"fafafa","border_color":"000000","border_width":"0","is_container":true,"controls":[{"x":0,"y":28,"height":28,"width":198,"edit_mode":true,"id":"ctrl_56","name":"id","classes":[],"parent":"ctrl_55","background_color":"fafafa","border_color":"000000","border_width":"1","is_container":false,"defaultValue":null,"autoIncrement":true,"primaryKey":true,"fieldType":"INTEGER","required":true,"size":"255","klass":"Column"},{"x":0,"y":56,"height":28,"width":198,"edit_mode":true,"id":"ctrl_57","name":"contactInfo","classes":[],"parent":"ctrl_55","background_color":"fafafa","border_color":"000000","border_width":"1","is_container":false,"defaultValue":null,"autoIncrement":false,"primaryKey":false,"fieldType":"INTEGER","required":false,"size":"255","klass":"Column"},{"x":0,"y":84,"height":28,"width":198,"edit_mode":true,"id":"ctrl_58","name":"tag","classes":[],"parent":"ctrl_55","background_color":"fafafa","border_color":"000000","border_width":"1","is_container":false,"defaultValue":null,"autoIncrement":false,"primaryKey":false,"fieldType":"INTEGER","required":false,"size":"255","klass":"Column"}],"klass":"Entity","corners":"ui-corner-all","foreign_keys":[{"name":"contactInfo_id","tableName":"ContactInfo","onUpdate":"none","onDelete":"none","references":[{"sequence":0,"local_column_name":"contactInfo","foreign_column_name":"id"}],"klass":"ForeignKey"},{"name":"tag_id","tableName":"Tag","onUpdate":"none","onDelete":"none","references":[{"sequence":0,"local_column_name":"tag","foreign_column_name":"id"}],"klass":"ForeignKey"}],"indices":[],"hidden":false}],"klass":"Schema","corners":"ui-corner-all"}