[{"_id":"1734f675-b908-44b3-aa3e-11b053590151","@class":"com.bluntsoftware.lib.conduit.construct.flow.Flow","activities":[{"@class":"com.bluntsoftware.lib.conduit.construct.flow.FlowActivity","activityClass":"com.bluntsoftware.lib.conduit.activities.input.GetByIdActivity","input":{"requested":"Sat May 13 11:41:23 UTC 2017","flows":"tester","payload":{"id":"columns"},"hold":"false"},"output":{"requested":"Sat May 13 11:41:23 UTC 2017","flows":"tester","payload":{"id":"columns"},"hold":"false"},"id":"1c8c1f99-15c3-4d90-b9f7-54ce67a9c5ff","x":50,"y":210,"icon":"fa-edit","category":"Input","name":"GetById","description":null},{"@class":"com.bluntsoftware.lib.conduit.construct.flow.FlowActivity","activityClass":"com.bluntsoftware.lib.conduit.activities.input.PostActivity","input":{"requested":"Sun May 14 15:36:26 UTC 2017","flows":"tester","payload":{"name":"dsadsd","age":"dsad"},"hold":"false"},"output":{"requested":"Sun May 14 15:36:26 UTC 2017","flows":"tester","payload":{"name":"dsadsd","age":"dsad"},"hold":"false"},"id":"a6c8d541-9897-4849-9e88-68f58e72976a","x":50,"y":70,"icon":"fa-mail-forward","category":"Input","name":"Post","description":null},{"@class":"com.bluntsoftware.lib.conduit.construct.flow.FlowActivity","activityClass":"com.bluntsoftware.lib.conduit.activities.conduit.MailActivity","input":{"subject":"Test Email","isHtml":"false","from":"admin@bluntsoftware.com","to":"admin@bluntsoftware.com","isMultipart":"false","content":"Hello World"},"output":null,"id":"59155619-88b2-4baa-8cd8-77159140afaf","x":505,"y":273,"icon":"fa-send","category":"conduit","name":"Mail","description":null},{"@class":"com.bluntsoftware.lib.conduit.construct.flow.FlowActivity","activityClass":"com.bluntsoftware.lib.conduit.activities.conduit.TemplateActivity","input":{"template":"hello {{name}}","context":""},"output":{"data":"Data"},"id":"bd5b039e-0780-4078-b5a3-608df98d8ea4","x":262,"y":162,"icon":"fa-university","category":"conduit","name":"Template","description":""}],"connections":[{"@class":"com.bluntsoftware.lib.conduit.construct.flow.Connection","src":"a6c8d541-9897-4849-9e88-68f58e72976a","tgt":"bd5b039e-0780-4078-b5a3-608df98d8ea4"},{"@class":"com.bluntsoftware.lib.conduit.construct.flow.Connection","src":"bd5b039e-0780-4078-b5a3-608df98d8ea4","tgt":"59155619-88b2-4baa-8cd8-77159140afaf"}],"connectionMaps":[{"@class":"com.bluntsoftware.lib.conduit.construct.flow.ConnectionMap","src":"['bd5b039e-0780-4078-b5a3-608df98d8ea4']['output']['data']","tgt":"['59155619-88b2-4baa-8cd8-77159140afaf']['input']['content']"}],"name":"tester","locked":false}]