[{"_id":"74adb10e-e824-4599-8392-ddbf48fdd276","name":"Home","klass":"SnippetContainer","category":"misc","icon":"fa fa-edit","template":"<div></div>","properties":{"padding_left":"25px","padding_right":"25px","classes":""},"height":100,"snippets":[{"name":"1 Column Row","klass":"SnippetRow","category":"Columns","icon":"fa fa-edit","template":"\n\n","properties":{"name":"untitled","fillPage":"None","classes":""},"height":100,"snippets":[{"klass":"SnippetCol","category":"misc","icon":"fa fa-edit","css":"/*-- CSS For undefined---*/","template":"<div></div>","properties":{"name":"untitled","fillPage":"26ec154f-19f5-4b20-9af8-854fdad4fdeb","classes":""},"height":100,"snippets":[],"type":"SnippetCol","javascript":"Error: Source sample is missing."}],"columns":"12","type":"SnippetRow"},{"name":"Carousel","kind":"bootstrap.carousel","klass":"Snippet","category":"Media","icon":"fa fa-edit","css":"/*-- CSS For Carousel---*/","template":"<!-- Carousel -->\n<div class=\"carousel slide\" data-ride=\"carousel\" id=\"{{id}}\">\n\t<ol class=\"carousel-indicators\">\n\t\t{{#each carouselList}}\n\t\t\t<li class=\"test {{#if @first}}active{{/if}}\" data-slide-to=\"{{@index}}\" data-target=\"#{{@root.id}}\"></li>\n\t\t{{/each}}\n\t</ol>\n\t<div class=\"carousel-inner\" role=\"listbox\">\n\t\t{{#each carouselList}}\n\t\t\t<div class=\"item {{#if @first}}active{{/if}}\">\n\t\t\t\t{{#if  @root.scale }}\n\t\t\t\t\t<div class=\"container\">{{/if}}\n\t\t\t\t\t<div class=\"carousel-caption\">\n\t\t\t\t\t\t<h4>{{{header}}}</h4>\n\t\t\t\t\t\t<p>\n\t\t\t\t\t\t\t{{{text}}}</p>\n\t\t\t\t\t</div>\n\t\t\t\t\t{{#if @root.scale}}\n\t\t\t\t\t</div>\n\t\t\t\t{{/if}}\n\t\t\t\t{{#if @root.scale}}\n\t\t\t\t\t<div class=\"header-back\">{{/if}}\n\t\t\t\t\t<img  alt=\"Carousel Bootstrap First\" src=\"{{image}}\"/>\n\t\t\t\t\t{{#if @root.scale}}\n\t\t\t\t\t</div>\n\t\t\t\t{{/if}}\n\t\t\t</div>\n\t\t{{/each}}\n\t</div>\n\t<a class=\"left carousel-control\" data-slide=\"prev\" data-target=\"#{{id}}\" role=\"button\">\n\t\t<span aria-hidden=\"true\" class=\"glyphicon glyphicon-chevron-left\"></span>\n\t\t<span class=\"sr-only\">Previous</span>\n\t</a>\n\t<a class=\"right carousel-control\" data-slide=\"next\" data-target=\"#{{id}}\" role=\"button\">\n\t\t<span aria-hidden=\"true\" class=\"glyphicon glyphicon-chevron-right\"></span>\n\t\t<span class=\"sr-only\">Next</span>\n\t</a>\n</div>","properties":{"id":"carousel_inSlider","scale":false,"carouselList":[{"image":"http://www.linkfresh.com/wp-content/uploads/sunrise_1920x300.jpg","responsive":"img-responsive","imgtype":"","header":"","text":"","icon":"fa-edit"},{"image":"assets/get?file=/karatebkgrd.png","responsive":"img-responsive","imgtype":"","header":"<h2>What is Lorem Ipsum?</h2>","text":"Lorem Ipsum is simply dummy text of the printing and typesetting industry.","icon":"fa-edit"}],"classes":""},"javascript":"function sayHello(){ console.log(data);};sayHello();"},{"name":"3 Column Row","klass":"SnippetRow3Col","category":"Columns","icon":"fa fa-edit","template":"\n\n","properties":{"name":"untitled","fillPage":"None","classes":"","padding_left":"25px","padding_right":"25px"},"height":100,"snippets":[{"klass":"SnippetCol","category":"misc","icon":"fa fa-edit","template":"<div></div>","properties":{"name":"untitled","fillPage":"None","classes":"","padding_left":"25px","padding_right":"25px"},"height":100,"snippets":[],"type":"SnippetCol","value":{},"javascript":"function sayHello(){ console.log(data);};sayHello();"},{"klass":"SnippetCol","category":"misc","icon":"fa fa-edit","template":"<div></div>","properties":{"name":"untitled","fillPage":"None","classes":"","padding_left":"25px","padding_right":"25px"},"height":100,"snippets":[{"name":"3 Column Row","klass":"SnippetRow3Col","category":"Columns","icon":"fa fa-edit","template":"\n\n","properties":{"name":"untitled","fillPage":"None","classes":"","padding_left":"25px","padding_right":"25px"},"height":100,"snippets":[{"klass":"SnippetCol","category":"misc","icon":"fa fa-edit","template":"<div></div>","properties":{"name":"untitled","fillPage":"None","classes":"","header":"Sign Up","text":"Panel Text","footer":"","panelColor":"panel-primary"},"height":100,"snippets":[{"name":"Header Text","kind":"blunt.headertext","klass":"Snippet","category":"Media","icon":"fa fa-edit","template":"\n    <!-- Header Text -->\n    <div class=\"editable-header\">{{{header}}}</div>\n    <div class=\"editable-text\">{{{text}}}</div>\n     {{>linkText}}\n","properties":{"header":"<h2 style=\"color: rgb(44, 62, 80);\">Reach Out</h2><h2><p style=\"font-size: 15px;\">Manage leads, contacts, organizations, &nbsp;partners, vendors and suppliers. See everything from background info, recent tasks, event history and opportunities.</p><p style=\"font-size: 15px;\"><a class=\"navy-link\" href=\"http://bluntsoftware.com/ReachOut/#\" role=\"button\">Details »</a></p><br style=\"font-size: 15px;\"></h2><h2 style=\"color: rgb(44, 62, 80);\">Application Integration</h2><h2><p style=\"font-size: 15px;\">Connect and work with many popular applications right from within Reach Out.</p></h2>","text":"","link":"http://bluntsoftware.com","icon":"fa-edit"},"javascript":"function sayHello(){ console.log(data);};sayHello();"}],"type":"SnippetCol","value":{},"javascript":"function sayHello(){ console.log(data);};sayHello();"},{"klass":"SnippetCol","category":"misc","icon":"fa fa-edit","template":"<div></div>","properties":{"name":"untitled","fillPage":"None","classes":"","padding_left":"25px","padding_right":"25px"},"height":100,"snippets":[{"name":"Header Text","kind":"blunt.headertext","klass":"Snippet","category":"Media","icon":"fa fa-edit","template":"\n    <!-- Header Text -->\n    <div class=\"editable-header\">{{{header}}}</div>\n    <div class=\"editable-text\">{{{text}}}</div>\n     {{>linkText}}\n","properties":{"header":"<h2 style=\"color: rgb(44, 62, 80);\">Mobile Phones</h2><h1 style=\"color: rgb(44, 62, 80); text-align: center;\"><p style=\"font-size: 15px; text-align: start;\">Our interfaces are fully responsive and designed to work on mobile phones, laptops, tablets and desktops</p><p style=\"font-size: 15px; text-align: start;\"><a class=\"navy-link\" href=\"http://bluntsoftware.com/ReachOut/#\" role=\"button\">Details »</a></p><br style=\"font-size: 15px; text-align: start;\"></h1><h2 style=\"color: rgb(44, 62, 80);\">Advanced Forms</h2><h1 style=\"color: rgb(44, 62, 80); text-align: center;\"><p style=\"font-size: 15px; text-align: start;\">Collect and store important information with easy to use forms</p><p style=\"font-size: 15px; text-align: start;\"><a class=\"navy-link\" href=\"http://bluntsoftware.com/ReachOut/#\" role=\"button\">Details »</a></p></h1>","text":"","link":"http://bluntsoftware.com","icon":"fa-edit"},"value":{"header":"<h2 style=\"color: rgb(44, 62, 80);\"><i>Reach Out</i></h2><h2><p style=\"font-size: 15px;\">Manage leads, contacts, organizations, partners, vendors and suppliers. See everything from background info, recent tasks, event history and opportunities.</p></h2><h2 style=\"color: rgb(44, 62, 80);\"><i>Application Integration</i></h2><h2><p style=\"font-size: 15px;\">Connect and work with many popular applications right from within Reach Out.</p></h2>","text":"","link":"http://bluntsoftware.com","icon":"fa-edit"},"javascript":"function sayHello(){ console.log(data);};sayHello();"}],"type":"SnippetCol","value":{},"javascript":"function sayHello(){ console.log(data);};sayHello();"},{"klass":"SnippetCol","category":"misc","icon":"fa fa-edit","template":"<div></div>","properties":{"name":"untitled","fillPage":"None","classes":"","padding_left":"25px","padding_right":"25px"},"height":100,"snippets":[{"name":"Horizontal Line","kind":"bootstrap.horizontal_line","klass":"Snippet","category":"Media","icon":"fa fa-edit","template":"\n    <!-- Horizontal Line -->\n    <div style=\"border-top:1px solid rgb(185, 185, 185);height:1px;padding:10px;width:100%\"></div>\n","properties":{},"value":{},"javascript":"function sayHello(){ console.log(data);};sayHello();"},{"name":"Content Panel","kind":"bootstrap.panel","klass":"SnippetPanel","category":"Media","icon":"fa fa-edit","template":"\n    <!-- Content Panel -->\n","properties":{"name":"untitled","fillPage":"None","classes":"","header":"Sign Up","text":"Panel Text","footer":"","panelColor":"panel-default"},"height":100,"snippets":[{"name":"Text Input","kind":"bootstrap.field","klass":"Snippet","category":"Forms","icon":"fa fa-edit","template":"\n    <!-- Text Input-->\n    <div class=\"form-group\">\n        <label class=\"control-label editable-label\" for=\"{{ id }}\">{{ label }}</label>\n        {{> textfield}}\n        {{> helptext}}\n    </div>\n","properties":{"label":"","name":"","required":"","readonly":"","inputsize":"input-sm","placeholder":"Email Address","helptext":"","classes":""},"value":{"label":"","name":"","required":"","readonly":"","inputsize":"input-sm","placeholder":"Email Address","helptext":"","classes":""},"javascript":"function sayHello(){ console.log(data);};sayHello();"},{"name":"Text Input","kind":"bootstrap.field","klass":"SnippetField","category":"Forms","icon":"fa fa-edit","template":"\n    <!-- Text Input-->\n    <div class=\"form-group\">\n        <label class=\"control-label editable-label\" for=\"{{ id }}\">{{ label }}</label>\n        {{> textfield}}\n        {{> helptext}}\n    </div>\n","properties":{"field_endpoint":"none","label":"","name":"id","required":"","readonly":"","inputsize":"input-sm","placeholder":"Enter Your Password","helptext":"","id":"","classes":""},"type":"SnippetField"},{"name":"2 Column Row","klass":"SnippetRow2Col","category":"Columns","icon":"fa fa-edit","template":"\n\n","properties":{"name":"untitled","fillPage":"None","classes":"","padding_left":"25px","padding_right":"25px"},"height":100,"snippets":[{"klass":"SnippetCol","category":"misc","icon":"fa fa-edit","template":"<div></div>","properties":{"name":"untitled","fillPage":"None","classes":"","padding_left":"25px","padding_right":"25px"},"height":100,"snippets":[{"name":"Single Button","kind":"bootstrap.button","klass":"Snippet","category":"Buttons | Icons","icon":"fa fa-square-o","template":"\n    <!-- Button (Single) -->\n    <div class=\"control-group\">\n        <label class=\"control-label editable-label\" for=\"{{id}}\">{{ label}}</label>\n        <div class=\"controls\">\n            <button  type=\"button\"  {{> idNameField}} class=' btn {{classes}} {{ buttontype}} {{buttonsize}} {{fullwidth}}'><i class=\"editable-label buttonlabel fa {{icon}}\">  {{ buttonlabel}}</i> </button>\n        </div>\n    </div>\n","properties":{"label":"","buttontype":"btn-primary","buttonsize":"btn-md","buttonlabel":"  Sign Up","fullwidth":"btn-block","classes":"","icon":"fa-edit","link":"http://bluntsoftware.com"},"value":{"label":"","buttontype":"btn-primary","buttonsize":"btn-md","buttonlabel":"  Sign Up","fullwidth":"btn-block","classes":"","icon":"fa-edit","link":"http://bluntsoftware.com"},"javascript":"function sayHello(){ console.log(data);};sayHello();"}],"type":"SnippetCol","value":{},"javascript":"function sayHello(){ console.log(data);};sayHello();"},{"klass":"SnippetCol","category":"misc","icon":"fa fa-edit","template":"<div></div>","properties":{"name":"untitled","fillPage":"None","classes":"","padding_left":"25px","padding_right":"25px"},"height":100,"snippets":[{"name":"Image","kind":"bootstrap.image","klass":"Snippet","category":"Media","icon":"fa fa-edit","css":"/*-- CSS For Image---*/","template":"<!-- Image -->\n<img  alt=\"Alt Image\" class=\"{{responsive}} {{imgtype}}\" src=\"{{image}}\"/>","properties":{"image":"assets/get?file=/home/logo.png","responsive":"img-responsive","imgtype":""},"value":{"image":"http://bluntsoftware.com/ReachOut/img/logo.png","responsive":"img-responsive","imgtype":""},"javascript":"function sayHello(){ console.log(data);};sayHello();"}],"type":"SnippetCol","value":{},"javascript":"function sayHello(){ console.log(data);};sayHello();"}],"columns":"7 5","type":"SnippetRow","value":{},"javascript":"function sayHello(){ console.log(data);};sayHello();"}],"type":"SnippetPanel","content":null,"value":{"header":"Sign Up","text":"Panel Text","footer":"","panelColor":"panel-primary"},"javascript":"function sayHello(){ console.log(data);};sayHello();"}],"type":"SnippetCol","value":{},"javascript":"function sayHello(){ console.log(data);};sayHello();"}],"columns":"4 4 4","type":"SnippetRow","value":{},"javascript":"function sayHello(){ console.log(data);};sayHello();"}],"type":"SnippetCol","value":{},"javascript":"function sayHello(){ console.log(data);};sayHello();"},{"klass":"SnippetCol","category":"misc","icon":"fa fa-edit","template":"<div></div>","properties":{"name":"untitled","fillPage":"None","classes":"","padding_left":"25px","padding_right":"25px"},"height":100,"snippets":[],"type":"SnippetCol","value":{},"javascript":"function sayHello(){ console.log(data);};sayHello();"}],"columns":"1 10 1","type":"SnippetRow","value":{},"javascript":"function sayHello(){ console.log(data);};sayHello();"},{"name":"3 Column Row","klass":"SnippetRow3Col","category":"Columns","icon":"fa fa-edit","template":"\n\n","properties":{"name":"untitled","fillPage":"None","classes":"","padding_left":"25px","padding_right":"25px"},"height":100,"snippets":[{"klass":"SnippetCol","category":"misc","icon":"fa fa-edit","template":"<div></div>","properties":{"name":"untitled","fillPage":"None","classes":"","padding_left":"25px","padding_right":"25px"},"height":100,"snippets":[],"type":"SnippetCol","value":{},"javascript":"function sayHello(){ console.log(data);};sayHello();"},{"klass":"SnippetCol","category":"misc","icon":"fa fa-edit","template":"<div></div>","properties":{"name":"untitled","fillPage":"None","classes":"","padding_left":"25px","padding_right":"25px"},"height":100,"snippets":[{"name":"Header Text","kind":"blunt.headertext","klass":"Snippet","category":"Media","icon":"fa fa-edit","template":"\n    <!-- Header Text -->\n    <div class=\"editable-header\">{{{header}}}</div>\n    <div class=\"editable-text\">{{{text}}}</div>\n     {{>linkText}}\n","properties":{"header":"<h1 style=\"text-align: center;\">Get a complete contact view.<br><span class=\"navy\">Info, Tasks, History and Opportunities</span></h1><h2 style=\"text-align: center;\"><p style=\"font-size: 15px;\">The contact page gives you an overview of everything you need to know about that contacts Info, Tasks, History and Opportunities.</p></h2>","text":"","link":"http://bluntsoftware.com","icon":"fa-edit"},"value":{"header":"<h1 style=\"color: rgb(44, 62, 80); text-align: center;\">Get a complete contact view.<br><span class=\"navy\">Info, Tasks, History and Opportunities</span></h1><h2 style=\"text-align: center;\"><p style=\"font-size: 15px;\">The contact page gives you an overview of everything you need to know about that contacts Info, Tasks, History and Opportunities.</p></h2>","text":"","link":"http://bluntsoftware.com","icon":"fa-edit"},"javascript":"function sayHello(){ console.log(data);};sayHello();"},{"name":"3 Column Row","klass":"SnippetRow3Col","category":"Columns","icon":"fa fa-edit","template":"\n\n","properties":{"name":"untitled","fillPage":"None","classes":"","padding_left":"25px","padding_right":"25px"},"height":100,"snippets":[{"klass":"SnippetCol","category":"misc","icon":"fa fa-edit","template":"<div></div>","properties":{"name":"untitled","fillPage":"None","classes":"","padding_left":"25px","padding_right":"25px"},"height":100,"snippets":[{"name":"Header Text","kind":"blunt.headertext","klass":"Snippet","category":"Media","icon":"fa fa-edit","template":"\n    <!-- Header Text -->\n    <div class=\"editable-header\">{{{header}}}</div>\n    <div class=\"editable-text\">{{{text}}}</div>\n     {{>linkText}}\n","properties":{"header":"<h2 style=\"box-sizing: border-box; font-family: Lato, &quot;Helvetica Neue&quot;, Helvetica, Arial, sans-serif; font-weight: 400; line-height: 1.1; color: inherit; margin-top: 21px; margin-bottom: 10.5px; font-size: 32px;\"><i>Track all history</i></h2><h2 style=\"box-sizing: border-box; font-family: Lato, &quot;Helvetica Neue&quot;, Helvetica, Arial, sans-serif; font-weight: 400; line-height: 1.1; color: inherit; margin-top: 21px; margin-bottom: 10.5px; font-size: 32px;\"><div style=\"font-size: 15px; text-align: center;\"><p>We track notes, tasks, emails, files, calls and much more.</p></div><div class=\"m-t-lg\" style=\"font-size: 15px; text-align: center;\"><span class=\"fa fa-bar-chart features-icon\"></span></div></h2><h2><i>Attach documents</i></h2><h2><div class=\"m-t-lg\" style=\"font-size: 15px; text-align: center;\"><p>Attach documents, agreements, proposals and other files</p></div></h2>","text":"","link":"http://bluntsoftware.com","icon":"fa-edit"},"value":{"header":"<h2 style=\"box-sizing: border-box; font-family: Lato, &quot;Helvetica Neue&quot;, Helvetica, Arial, sans-serif; font-weight: 400; line-height: 1.1; color: inherit; margin-top: 21px; margin-bottom: 10.5px; font-size: 32px;\"><i>Track all history</i></h2><h2 style=\"box-sizing: border-box; font-family: Lato, &quot;Helvetica Neue&quot;, Helvetica, Arial, sans-serif; font-weight: 400; line-height: 1.1; color: inherit; margin-top: 21px; margin-bottom: 10.5px; font-size: 32px;\"><div style=\"font-size: 15px; text-align: center;\"><p>We track notes, tasks, emails, files, calls and much more.</p></div><div class=\"m-t-lg\" style=\"font-size: 15px; text-align: center;\"><span class=\"fa fa-bar-chart features-icon\"></span></div></h2><h2><i>Attach documents</i></h2><h2><div class=\"m-t-lg\" style=\"font-size: 15px; text-align: center;\"><p>Attach documents, agreements, proposals and other files</p></div></h2>","text":"","link":"http://bluntsoftware.com","icon":"fa-edit"},"javascript":"function sayHello(){ console.log(data);};sayHello();"}],"type":"SnippetCol","value":{},"javascript":"function sayHello(){ console.log(data);};sayHello();"},{"klass":"SnippetCol","category":"misc","icon":"fa fa-edit","template":"<div></div>","properties":{"name":"untitled","fillPage":"None","classes":"","padding_left":"25px","padding_right":"25px"},"height":100,"snippets":[{"name":"Image","kind":"bootstrap.image","klass":"Snippet","category":"Media","icon":"fa fa-edit","css":"/*-- CSS For Image---*/","template":"<!-- Image -->\n<img  alt=\"Alt Image\" class=\"{{responsive}} {{imgtype}}\" src=\"{{image}}\"/>","properties":{"image":"assets/get?file=/home/perspective.png","responsive":"img-responsive","imgtype":""},"value":{"image":"http://bluntsoftware.com/ReachOut/img/perspective.png","responsive":"img-responsive","imgtype":""},"javascript":"function sayHello(){ console.log(data);};sayHello();"}],"type":"SnippetCol","value":{},"javascript":"function sayHello(){ console.log(data);};sayHello();"},{"klass":"SnippetCol","category":"misc","icon":"fa fa-edit","template":"<div></div>","properties":{"name":"untitled","fillPage":"None","classes":"","padding_left":"25px","padding_right":"25px"},"height":100,"snippets":[{"name":"Header Text","kind":"blunt.headertext","klass":"Snippet","category":"Media","icon":"fa fa-edit","template":"\n    <!-- Header Text -->\n    <div class=\"editable-header\">{{{header}}}</div>\n    <div class=\"editable-text\">{{{text}}}</div>\n     {{>linkText}}\n","properties":{"header":"<h2 style=\"box-sizing: border-box; font-family: Lato, &quot;Helvetica Neue&quot;, Helvetica, Arial, sans-serif; font-weight: 400; line-height: 1.1; color: inherit; margin-top: 21px; margin-bottom: 10.5px; font-size: 32px;\"><i>Manage tasks</i></h2><h2><div style=\"font-size: 15px; text-align: center;\"><p>Add and complete tasks that need to be done for each contact.</p></div><div class=\"m-t-lg\" style=\"font-size: 15px; text-align: center;\"><span class=\"fa fa-google features-icon\"></span></div></h2><h2><i>Share with co-workers</i></h2><h2><div class=\"m-t-lg\" style=\"font-size: 15px; text-align: center;\"><p>Share contacts with co-workers ensuring you all have a single up-to-date view of them.</p></div></h2>","text":"","link":"http://bluntsoftware.com","icon":"fa-edit"},"value":{"header":"<h2 style=\"box-sizing: border-box; font-family: Lato, &quot;Helvetica Neue&quot;, Helvetica, Arial, sans-serif; font-weight: 400; line-height: 1.1; color: inherit; margin-top: 21px; margin-bottom: 10.5px; font-size: 32px;\"><i>Manage tasks</i></h2><h2><div style=\"font-size: 15px; text-align: center;\"><p>Add and complete tasks that need to be done for each contact.</p></div><div class=\"m-t-lg\" style=\"font-size: 15px; text-align: center;\"><span class=\"fa fa-google features-icon\"></span></div></h2><h2><i>Share with co-workers</i></h2><h2><div class=\"m-t-lg\" style=\"font-size: 15px; text-align: center;\"><p>Share contacts with co-workers ensuring you all have a single up-to-date view of them.</p></div></h2>","text":"","link":"http://bluntsoftware.com","icon":"fa-edit"},"javascript":"function sayHello(){ console.log(data);};sayHello();"}],"type":"SnippetCol","value":{},"javascript":"function sayHello(){ console.log(data);};sayHello();"}],"columns":"3 6 3","type":"SnippetRow","value":{},"javascript":"function sayHello(){ console.log(data);};sayHello();"}],"type":"SnippetCol","value":{},"javascript":"function sayHello(){ console.log(data);};sayHello();"},{"klass":"SnippetCol","category":"misc","icon":"fa fa-edit","template":"<div></div>","properties":{"name":"untitled","fillPage":"None","classes":"","padding_left":"25px","padding_right":"25px"},"height":100,"snippets":[],"type":"SnippetCol","value":{},"javascript":"function sayHello(){ console.log(data);};sayHello();"}],"columns":"1 10 1","type":"SnippetRow","value":{},"javascript":"function sayHello(){ console.log(data);};sayHello();"},{"name":"3 Column Row","klass":"SnippetRow3Col","category":"Columns","icon":"fa fa-edit","template":"\n\n","properties":{"name":"untitled","fillPage":"None","classes":"","padding_left":"25px","padding_right":"25px"},"height":100,"snippets":[{"klass":"SnippetCol","category":"misc","icon":"fa fa-edit","template":"<div></div>","properties":{"name":"untitled","fillPage":"None","classes":"","padding_left":"25px","padding_right":"25px"},"height":100,"snippets":[],"type":"SnippetCol","value":{},"javascript":"function sayHello(){ console.log(data);};sayHello();"},{"klass":"SnippetCol","category":"misc","icon":"fa fa-edit","template":"<div></div>","properties":{"name":"untitled","fillPage":"None","classes":"","padding_left":"25px","padding_right":"25px"},"height":100,"snippets":[{"name":"1 Column Row","klass":"SnippetRow","category":"Columns","icon":"fa fa-edit","template":"\n\n","properties":{"name":"untitled","fillPage":"None","classes":"","padding_left":"25px","padding_right":"25px"},"height":100,"snippets":[{"klass":"SnippetCol","category":"misc","icon":"fa fa-edit","template":"<div></div>","properties":{"name":"untitled","fillPage":"None","classes":"","padding_left":"25px","padding_right":"25px"},"height":100,"snippets":[{"name":"1 Column Row","klass":"SnippetRow","category":"Columns","icon":"fa fa-edit","template":"\n\n","properties":{"name":"untitled","fillPage":"None","classes":"","padding_left":"25px","padding_right":"25px"},"height":100,"snippets":[{"klass":"SnippetCol","category":"misc","icon":"fa fa-edit","template":"<div></div>","properties":{"name":"untitled","fillPage":"None","classes":"","padding_left":"25px","padding_right":"25px"},"height":100,"snippets":[{"name":"1 Column Row","klass":"SnippetRow","category":"Columns","icon":"fa fa-edit","template":"\n\n","properties":{"name":"untitled","fillPage":"None","classes":"","padding_left":"25px","padding_right":"25px"},"height":100,"snippets":[{"klass":"SnippetCol","category":"misc","icon":"fa fa-edit","template":"<div></div>","properties":{"name":"untitled","fillPage":"None","classes":"","padding_left":"25px","padding_right":"25px"},"height":100,"snippets":[{"name":"Header Text","kind":"blunt.headertext","klass":"Snippet","category":"Media","icon":"fa fa-edit","template":"\n    <!-- Header Text -->\n    <div class=\"editable-header\">{{{header}}}</div>\n    <div class=\"editable-text\">{{{text}}}</div>\n     {{>linkText}}\n","properties":{"header":"<h1 style=\"margin-top: 21px; margin-bottom: 10.5px; font-family: Lato, &quot;Helvetica Neue&quot;, Helvetica, Arial, sans-serif; color: rgb(44, 62, 80); font-size: 39px; text-align: center;\">Discover great feautres</h1><h2><p style=\"margin-bottom: 10.5px; color: rgb(44, 62, 80); font-family: Lato, &quot;Helvetica Neue&quot;, Helvetica, Arial, sans-serif; font-size: 15px; text-align: center;\">Donec sed odio dui. Etiam porta sem malesuada magna mollis euismod.</p></h2>","text":"","link":"http://bluntsoftware.com","icon":"fa-edit"},"value":{"header":"<h1 style=\"margin-top: 21px; margin-bottom: 10.5px; font-family: Lato, &quot;Helvetica Neue&quot;, Helvetica, Arial, sans-serif; color: rgb(44, 62, 80); font-size: 39px; text-align: center;\">Discover great feautres</h1><h2><p style=\"margin-bottom: 10.5px; color: rgb(44, 62, 80); font-family: Lato, &quot;Helvetica Neue&quot;, Helvetica, Arial, sans-serif; font-size: 15px; text-align: center;\">Donec sed odio dui. Etiam porta sem malesuada magna mollis euismod.</p></h2>","text":"","link":"http://bluntsoftware.com","icon":"fa-edit"},"javascript":"function sayHello(){ console.log(data);};sayHello();"}],"type":"SnippetCol","value":{},"javascript":"function sayHello(){ console.log(data);};sayHello();"}],"columns":"12","type":"SnippetRow","value":{},"javascript":"function sayHello(){ console.log(data);};sayHello();"},{"name":"2 Column Row","klass":"SnippetRow2Col","category":"Columns","icon":"fa fa-edit","template":"\n\n","properties":{"name":"untitled","fillPage":"None","classes":"","padding_left":"25px","padding_right":"25px"},"height":100,"snippets":[{"klass":"SnippetCol","category":"misc","icon":"fa fa-edit","template":"<div></div>","properties":{"name":"untitled","fillPage":"None","classes":"","padding_left":"25px","padding_right":"25px"},"height":100,"snippets":[{"name":"Header Text","kind":"blunt.headertext","klass":"Snippet","category":"Media","icon":"fa fa-edit","template":"\n    <!-- Header Text -->\n    <div class=\"editable-header\">{{{header}}}</div>\n    <div class=\"editable-text\">{{{text}}}</div>\n     {{>linkText}}\n","properties":{"header":"<h2 style=\"font-family: Lato, &quot;Helvetica Neue&quot;, Helvetica, Arial, sans-serif; color: rgb(44, 62, 80); margin-top: 21px; margin-bottom: 10.5px; font-size: 32px;\">Perfectly designed</h2><h2 style=\"color: rgb(200, 200, 200);\"><p style=\"margin-bottom: 10.5px; color: rgb(44, 62, 80); font-family: Lato, &quot;Helvetica Neue&quot;, Helvetica, Arial, sans-serif; font-size: 15px;\">INSPINIA Admin Theme is a premium admin dashboard template with flat design concept. It is fully responsive admin dashboard template built with Bootstrap 3+ Framework, HTML5 and CSS3, Media query. It has a huge collection of reusable UI components and integrated with latest jQuery plugins.</p></h2>","text":"","link":"http://bluntsoftware.com","icon":"fa-edit"},"value":{"header":"<h2 style=\"font-family: Lato, &quot;Helvetica Neue&quot;, Helvetica, Arial, sans-serif; color: rgb(44, 62, 80); margin-top: 21px; margin-bottom: 10.5px; font-size: 32px;\">Perfectly designed</h2><h2><p style=\"margin-bottom: 10.5px; color: rgb(44, 62, 80); font-family: Lato, &quot;Helvetica Neue&quot;, Helvetica, Arial, sans-serif; font-size: 15px;\">INSPINIA Admin Theme is a premium admin dashboard template with flat design concept. It is fully responsive admin dashboard template built with Bootstrap 3+ Framework, HTML5 and CSS3, Media query. It has a huge collection of reusable UI components and integrated with latest jQuery plugins.</p></h2>","text":"","link":"http://bluntsoftware.com","icon":"fa-edit"},"javascript":"function sayHello(){ console.log(data);};sayHello();"}],"type":"SnippetCol","value":{},"javascript":"function sayHello(){ console.log(data);};sayHello();"},{"klass":"SnippetCol","category":"misc","icon":"fa fa-edit","template":"<div></div>","properties":{"name":"untitled","fillPage":"None","classes":"","padding_left":"25px","padding_right":"25px"},"height":100,"snippets":[{"name":"Image","kind":"bootstrap.image","klass":"Snippet","category":"Media","icon":"fa fa-edit","css":"/*-- CSS For Image---*/","template":"<!-- Image -->\n<img  alt=\"Alt Image\" class=\"{{responsive}} {{imgtype}}\" src=\"{{image}}\"/>","properties":{"image":"assets/get?file=/home/dashboard.png","responsive":"img-responsive","imgtype":""},"value":{"image":"http://bluntsoftware.com/ReachOut/img/dashboard.png","responsive":"img-responsive","imgtype":""},"javascript":"function sayHello(){ console.log(data);};sayHello();"}],"type":"SnippetCol","value":{},"javascript":"function sayHello(){ console.log(data);};sayHello();"}],"columns":"7 5","type":"SnippetRow","value":{},"javascript":"function sayHello(){ console.log(data);};sayHello();"},{"name":"1 Column Row","klass":"SnippetRow","category":"Columns","icon":"fa fa-edit","template":"\n\n","properties":{"name":"untitled","fillPage":"None","classes":"","padding_left":"25px","padding_right":"25px"},"height":100,"snippets":[{"klass":"SnippetCol","category":"misc","icon":"fa fa-edit","template":"<div></div>","properties":{"name":"untitled","fillPage":"None","classes":"","padding_left":"25px","padding_right":"25px"},"height":100,"snippets":[{"name":"Header Text","kind":"blunt.headertext","klass":"Snippet","category":"Media","icon":"fa fa-edit","template":"\n    <!-- Header Text -->\n    <div class=\"editable-header\">{{{header}}}</div>\n    <div class=\"editable-text\">{{{text}}}</div>\n     {{>linkText}}\n","properties":{"header":"<h1 style=\"margin-top: 21px; margin-bottom: 10.5px; font-family: Lato, &quot;Helvetica Neue&quot;, Helvetica, Arial, sans-serif; color: rgb(44, 62, 80); font-size: 39px; text-align: center;\">Our Team</h1><h2><p style=\"margin-bottom: 10.5px; color: rgb(44, 62, 80); font-family: Lato, &quot;Helvetica Neue&quot;, Helvetica, Arial, sans-serif; font-size: 15px; text-align: center;\">Donec sed odio dui. Etiam porta sem malesuada magna mollis euismod.</p></h2>","text":"","link":"http://bluntsoftware.com","icon":"fa-edit"},"value":{"header":"<h1 style=\"margin-top: 21px; margin-bottom: 10.5px; font-family: Lato, &quot;Helvetica Neue&quot;, Helvetica, Arial, sans-serif; color: rgb(44, 62, 80); font-size: 39px; text-align: center;\">Our Team</h1><h2><p style=\"margin-bottom: 10.5px; color: rgb(44, 62, 80); font-family: Lato, &quot;Helvetica Neue&quot;, Helvetica, Arial, sans-serif; font-size: 15px; text-align: center;\">Donec sed odio dui. Etiam porta sem malesuada magna mollis euismod.</p></h2>","text":"","link":"http://bluntsoftware.com","icon":"fa-edit"},"javascript":"function sayHello(){ console.log(data);};sayHello();"},{"name":"3 Column Row","klass":"SnippetRow3Col","category":"Columns","icon":"fa fa-edit","template":"\n\n","properties":{"name":"untitled","fillPage":"None","classes":"","padding_left":"25px","padding_right":"25px"},"height":100,"snippets":[{"klass":"SnippetCol","category":"misc","icon":"fa fa-edit","template":"<div></div>","properties":{"name":"untitled","fillPage":"None","classes":"","padding_left":"25px","padding_right":"25px"},"height":100,"snippets":[{"name":"Media","kind":"blunt.media","klass":"Snippet","category":"Media","icon":"fa fa-edit","css":"/*-- CSS For Media---*/","template":"<!-- Media -->\n<div class=\"media {{classes}}\">\n\t<img  alt=\"Alt Image\" class=\"pull-left {{responsive}} {{imgtype}}\" src=\"{{image}}\" style=\"max-width: 33.33%\"/>\n\t<div class=\"media-body\">\n\t\t<div class=\"media-heading editable-header\">\n\t\t\t{{{header}}}\n\t\t</div>\n\t\t<div class=\"editable-text\">{{{text}}}</div>\n\t</div>\n</div>","properties":{"image":"assets/get?file=/home/avatar3.jpg","responsive":"","header":"   <h2>Evelyn</h2>","text":"Lorem Ipsum is simply dummy text of the printing and typesetting industry.","imgtype":"img-circle"}}],"type":"SnippetCol","value":{},"javascript":"function sayHello(){ console.log(data);};sayHello();"},{"klass":"SnippetCol","category":"misc","icon":"fa fa-edit","template":"<div></div>","properties":{"name":"untitled","fillPage":"None","classes":"","padding_left":"25px","padding_right":"25px"},"height":100,"snippets":[{"name":"Media","kind":"blunt.media","klass":"Snippet","category":"Media","icon":"fa fa-edit","css":"/*-- CSS For Media---*/","template":"<!-- Media -->\n<div class=\"media {{classes}}\">\n\t<img  alt=\"Alt Image\" class=\"pull-left {{responsive}} {{imgtype}}\" src=\"{{image}}\" style=\"max-width: 33.33%\"/>\n\t<div class=\"media-body\">\n\t\t<div class=\"media-heading editable-header\">\n\t\t\t{{{header}}}\n\t\t</div>\n\t\t<div class=\"editable-text\">{{{text}}}</div>\n\t</div>\n</div>","properties":{"image":"assets/get?file=/home/avatar2.jpg","responsive":"","header":"    <h2>Alex</h2>","text":"Lorem Ipsum is simply dummy text of the printing and typesetting industry.","imgtype":"img-circle"}}],"type":"SnippetCol","value":{},"javascript":"function sayHello(){ console.log(data);};sayHello();"},{"klass":"SnippetCol","category":"misc","icon":"fa fa-edit","template":"<div></div>","properties":{"name":"untitled","fillPage":"None","classes":"","padding_left":"25px","padding_right":"25px"},"height":100,"snippets":[{"name":"Media","kind":"blunt.media","klass":"Snippet","category":"Media","icon":"fa fa-edit","css":"/*-- CSS For Media---*/","template":"<!-- Media -->\n<div class=\"media {{classes}}\">\n\t<img  alt=\"Alt Image\" class=\"pull-left {{responsive}} {{imgtype}}\" src=\"{{image}}\" style=\"max-width: 33.33%\"/>\n\t<div class=\"media-body\">\n\t\t<div class=\"media-heading editable-header\">\n\t\t\t{{{header}}}\n\t\t</div>\n\t\t<div class=\"editable-text\">{{{text}}}</div>\n\t</div>\n</div>","properties":{"image":"assets/get?file=/home/avatar9.jpg","responsive":"","header":"    <h2>George</h2>","text":"Lorem Ipsum is simply dummy text of the printing and typesetting industry.","imgtype":"img-circle"}}],"type":"SnippetCol","value":{},"javascript":"function sayHello(){ console.log(data);};sayHello();"}],"columns":"4 4 4","type":"SnippetRow","value":{},"javascript":"function sayHello(){ console.log(data);};sayHello();"}],"type":"SnippetCol","value":{},"javascript":"function sayHello(){ console.log(data);};sayHello();"}],"columns":"12","type":"SnippetRow","value":{},"javascript":"function sayHello(){ console.log(data);};sayHello();"}],"type":"SnippetCol","value":{},"javascript":"function sayHello(){ console.log(data);};sayHello();"}],"columns":"12","type":"SnippetRow","value":{},"javascript":"function sayHello(){ console.log(data);};sayHello();"}],"type":"SnippetCol","value":{},"javascript":"function sayHello(){ console.log(data);};sayHello();"}],"columns":"12","type":"SnippetRow","value":{},"javascript":"function sayHello(){ console.log(data);};sayHello();"}],"type":"SnippetCol","value":{},"javascript":"function sayHello(){ console.log(data);};sayHello();"},{"klass":"SnippetCol","category":"misc","icon":"fa fa-edit","template":"<div></div>","properties":{"name":"untitled","fillPage":"None","classes":"","padding_left":"25px","padding_right":"25px"},"height":100,"snippets":[],"type":"SnippetCol","value":{},"javascript":"function sayHello(){ console.log(data);};sayHello();"}],"columns":"1 10 1","type":"SnippetRow","value":{},"javascript":"function sayHello(){ console.log(data);};sayHello();"}],"value":{},"javascript":"function sayHello(){ console.log(data);};sayHello();"},{"_id":"09990bcf-f4ed-4c49-a948-546aa33d63bf","name":"Contact Form","klass":"SnippetContainer","category":"misc","icon":"fa fa-edit","template":"<div></div>","properties":{},"height":100,"snippets":[{"name":"1 Column Row","klass":"SnippetRow","category":"Columns","icon":"fa fa-edit","template":"\n\n","properties":{"name":"untitled","fillPage":"None","classes":""},"height":100,"snippets":[{"klass":"SnippetCol","category":"misc","icon":"fa fa-edit","css":"/*-- CSS For undefined---*/","template":"<div></div>","properties":{"name":"untitled","fillPage":"26ec154f-19f5-4b20-9af8-854fdad4fdeb","classes":""},"height":100,"snippets":[],"type":"SnippetCol","javascript":"Error: Source sample is missing."}],"columns":"12","type":"SnippetRow"},{"name":"Form","kind":"bootstrap.form","klass":"SnippetForm","category":"Forms","icon":"fa fa-edit","css":"/*-- CSS For Form---*/","template":"<!-- Form -->\n<form class=\"form {{type}}\">\n\t{{>legend}}\n</form>","properties":{"endpoint":"model/contact/","header":"Contact Info","footer":"","marginleft":"0px","panelColor":"panel-info"},"height":100,"snippets":[{"name":"3 Column Row","klass":"SnippetRow3Col","category":"Columns","icon":"fa fa-edit","template":"\n\n","properties":{"name":"untitled","fillPage":"None","classes":""},"height":100,"snippets":[{"klass":"SnippetCol","category":"misc","icon":"fa fa-edit","template":"<div></div>","properties":{"name":"untitled","fillPage":"None","classes":""},"height":100,"snippets":[{"name":"Image","kind":"bootstrap.image","klass":"Snippet","category":"Media","icon":"fa fa-edit","template":"\n    <!-- Image -->\n    <img alt=\"Alt Image\" src=\"{{image}}\" class=\"{{responsive}} {{imgtype}}\" />\n","properties":{"image":"img/avatar1.jpg","responsive":"img-responsive","imgtype":"img-thumbnail"}},{"name":"Text Input","kind":"bootstrap.field","klass":"SnippetField","category":"Forms","icon":"fa fa-edit","template":"\n    <!-- Text Input-->\n    <div class=\"form-group\">\n        <label class=\"control-label editable-label\" for=\"{{ id }}\">{{ label }}</label>\n        {{> textfield}}\n        {{> helptext}}\n    </div>\n","properties":{"field_endpoint":"http://bluntsoftware.com/ReachOut/reachout/contact","label":"ID","name":"id","required":"","readonly":"readonly","inputsize":"input-sm","placeholder":"","helptext":"","id":"","classes":""},"type":"SnippetField"},{"name":"Text Input","kind":"bootstrap.field","klass":"SnippetField","category":"Forms","icon":"fa fa-edit","template":"\n    <!-- Text Input-->\n    <div class=\"form-group\">\n        <label class=\"control-label editable-label\" for=\"{{ id }}\">{{ label }}</label>\n        {{> textfield}}\n        {{> helptext}}\n    </div>\n","properties":{"field_endpoint":"self/personalcontacts/contact","label":"contactInfo.id","name":"contactInfo.id","submit":true,"required":"","readonly":"readonly","inputsize":"input-sm","placeholder":"contactInfo.id","helptext":"","id":"","classes":""},"type":"SnippetField"}],"type":"SnippetCol"},{"klass":"SnippetCol","category":"misc","icon":"fa fa-edit","template":"<div></div>","properties":{"name":"untitled","fillPage":"None","classes":""},"height":100,"snippets":[{"name":"2 Column Row","klass":"SnippetRow2Col","category":"Columns","icon":"fa fa-edit","template":"\n\n","properties":{"name":"untitled","fillPage":"None","classes":""},"height":100,"snippets":[{"klass":"SnippetCol","category":"misc","icon":"fa fa-edit","template":"<div></div>","properties":{"name":"untitled","fillPage":"None","classes":""},"height":100,"snippets":[{"name":"Text Input","kind":"bootstrap.field","klass":"SnippetField","category":"Forms","icon":"fa fa-edit","template":"\n    <!-- Text Input-->\n    <div class=\"form-group\">\n        <label class=\"control-label editable-label\" for=\"{{ id }}\">{{ label }}</label>\n        {{> textfield}}\n        {{> helptext}}\n    </div>\n","properties":{"field_endpoint":"self/personalcontacts/contact","label":"First Name","name":"firstName","required":"required","readonly":"","inputsize":"input-sm","placeholder":"","helptext":"","id":"","classes":""},"type":"SnippetField"},{"name":"Text Input","kind":"bootstrap.field","klass":"SnippetField","category":"Forms","icon":"fa fa-edit","template":"\n    <!-- Text Input-->\n    <div class=\"form-group\">\n        <label class=\"control-label editable-label\" for=\"{{ id }}\">{{ label }}</label>\n        {{> textfield}}\n        {{> helptext}}\n    </div>\n","properties":{"field_endpoint":"http://bluntsoftware.com/ReachOut/reachout/contact","label":"Job Title","name":"jobTitle","required":"","readonly":"","inputsize":"input-sm","placeholder":"","helptext":"","id":"","classes":""},"type":"SnippetField"},{"name":"Text Input","kind":"bootstrap.field","klass":"SnippetField","category":"Forms","icon":"fa fa-edit","template":"\n    <!-- Text Input-->\n    <div class=\"form-group\">\n        <label class=\"control-label editable-label\" for=\"{{ id }}\">{{ label }}</label>\n        {{> textfield}}\n        {{> helptext}}\n    </div>\n","properties":{"field_endpoint":"http://bluntsoftware.com/ReachOut/reachout/contact","label":"Status","name":"status","required":"","readonly":"","inputsize":"input-sm","placeholder":"","helptext":"","id":"","classes":""},"type":"SnippetField"}],"type":"SnippetCol"},{"klass":"SnippetCol","category":"misc","icon":"fa fa-edit","template":"<div></div>","properties":{"name":"untitled","fillPage":"None","classes":""},"height":100,"snippets":[{"name":"Text Input","kind":"bootstrap.field","klass":"SnippetField","category":"Forms","icon":"fa fa-edit","template":"\n    <!-- Text Input-->\n    <div class=\"form-group\">\n        <label class=\"control-label editable-label\" for=\"{{ id }}\">{{ label }}</label>\n        {{> textfield}}\n        {{> helptext}}\n    </div>\n","properties":{"field_endpoint":"self/personalcontacts/contact","label":"Last Name","name":"lastName","required":"required","readonly":"","inputsize":"input-sm","placeholder":"","helptext":"","id":"","classes":""},"type":"SnippetField"},{"name":"Search Select","kind":"bootstrap.search.field","klass":"SnippetSearchField","category":"Forms","icon":"fa fa-chevron-down","css":"/*-- CSS For Search Select---*/","template":"<!-- Select -->","properties":{"endpoint":"model/company/","multiple":"","field_value":"id","display_value":[{"display_field":"name"}],"criteria":[],"field_map":[{"source":"name","target":"company.name"},{"source":"contactInfo.shipping.address","target":"company.contactInfo.shipping.address"},{"source":"contactInfo.shipping.city","target":"company.contactInfo.shipping.city"},{"source":"contactInfo.shipping.state","target":"company.contactInfo.shipping.state"},{"source":"contactInfo.shipping.zip","target":"company.contactInfo.shipping.zip"}],"field_endpoint":"model/contact/","label":"Company","name":"company.id","submit":true,"required":"","readonly":"","inputsize":"input-sm","placeholder":"","helptext":"","id":"","classes":""},"type":"SnippetSearchField"},{"name":"2 Column Row","klass":"SnippetRow2Col","category":"Columns","icon":"fa fa-edit","template":"\n\n","properties":{"name":"untitled","fillPage":"None","classes":""},"height":100,"snippets":[{"klass":"SnippetCol","category":"misc","icon":"fa fa-edit","template":"<div></div>","properties":{"name":"untitled","fillPage":"None","classes":""},"height":100,"snippets":[{"name":"Single Button","kind":"bootstrap.button","klass":"SnippetButton","category":"Buttons | Icons","icon":"fa fa-square-o","css":"/*-- CSS For Single Button---*/","template":"<!-- Button (Single) -->\n<div class=\"control-group\">\n\t<label class=\"control-label editable-label\" for=\"{{id}}\">{{ label}}</label>\n\t<div class=\"controls\" data-id=\"{{snip_id}}\">\n\t\t<a class=' btn {{classes}} {{ buttontype}} {{buttonsize}} {{fullwidth}}' href=\"{{link}}\" role=\"button\" type=\"button\" {{> idNameField}}>\n\t\t\t<i class=\"editable-label buttonlabel fa {{icon}}\">\n\t\t\t\t{{ buttonlabel}}</i>\n\t\t</a>\n\t</div>\n</div>","properties":{"submit":"","label":"","buttontype":"btn-warning","buttonsize":"btn-md","buttonlabel":"Cancel","fullwidth":"btn-block","id":"","classes":"","icon":"fa-edit","link":"#/lacet/Contacts"},"type":"SnippetButton"}],"type":"SnippetCol"},{"klass":"SnippetCol","category":"misc","icon":"fa fa-edit","template":"<div></div>","properties":{"name":"untitled","fillPage":"None","classes":""},"height":100,"snippets":[{"name":"Single Button","kind":"bootstrap.button","klass":"SnippetButton","category":"Buttons | Icons","icon":"fa fa-square-o","css":"/*-- CSS For Single Button---*/","template":"<!-- Button (Single) -->\n<div class=\"control-group\">\n\t<label class=\"control-label editable-label\" for=\"{{id}}\">{{ label}}</label>\n\t<div class=\"controls\" data-id=\"{{snip_id}}\">\n\t\t<a class=' btn {{classes}} {{ buttontype}} {{buttonsize}} {{fullwidth}}' href=\"{{link}}\" role=\"button\" type=\"button\" {{> idNameField}}>\n\t\t\t<i class=\"editable-label buttonlabel fa {{icon}}\">\n\t\t\t\t{{ buttonlabel}}</i>\n\t\t</a>\n\t</div>\n</div>","properties":{"submit":"model/contact/","label":"","buttontype":"btn-info","buttonsize":"btn-md","buttonlabel":"Save","fullwidth":"btn-block","id":"","classes":"","icon":"fa-edit","link":"#/lacet/Contacts"},"type":"SnippetButton"}],"type":"SnippetCol"}],"columns":"6 6","type":"SnippetRow"}],"type":"SnippetCol"}],"columns":"6 6","type":"SnippetRow"},{"name":"Text Input","kind":"bootstrap.field","klass":"SnippetField","category":"Forms","icon":"fa fa-edit","template":"\n    <!-- Text Input-->\n    <div class=\"form-group\">\n        <label class=\"control-label editable-label\" for=\"{{ id }}\">{{ label }}</label>\n        {{> textfield}}\n        {{> helptext}}\n    </div>\n","properties":{"field_endpoint":"self/personalcontacts/contact","label":"Company Name","name":"company.name","submit":true,"required":"","readonly":"","inputsize":"input-sm","placeholder":"company.name","helptext":"","id":"","classes":""},"type":"SnippetField"},{"name":"Text Area","kind":"bootstrap.field","klass":"SnippetField","category":"Forms","icon":"fa fa-edit","template":"\n    <!-- Text Area -->\n    <div class=\"form-group\">\n        <label class=\" control-label editable-label\" for=\"{{ id }}\">{{ label }}</label>\n        <textarea  class=\"form-control {{classes}}\" {{> idNameField}} {{>required}} {{>readonly}} >{{ textarea }}</textarea>\n    </div>\n","properties":{"field_endpoint":"self/personalcontacts/contact","label":"Address","name":"company.contactInfo.shipping.address","required":"","readonly":"","inputsize":"input-sm","placeholder":"","helptext":"","id":"","classes":""},"type":"SnippetField"},{"name":"3 Column Row","klass":"SnippetRow3Col","category":"Columns","icon":"fa fa-edit","template":"\n\n","properties":{"name":"untitled","fillPage":"None","classes":""},"height":100,"snippets":[{"klass":"SnippetCol","category":"misc","icon":"fa fa-edit","template":"<div></div>","properties":{"name":"untitled","fillPage":"None","classes":""},"height":100,"snippets":[{"name":"Text Input","kind":"bootstrap.field","klass":"SnippetField","category":"Forms","icon":"fa fa-edit","template":"\n    <!-- Text Input-->\n    <div class=\"form-group\">\n        <label class=\"control-label editable-label\" for=\"{{ id }}\">{{ label }}</label>\n        {{> textfield}}\n        {{> helptext}}\n    </div>\n","properties":{"field_endpoint":"self/personalcontacts/contact","label":"City","name":"company.contactInfo.shipping.city","required":"","readonly":"","inputsize":"input-sm","placeholder":"","helptext":"","id":"","classes":""},"type":"SnippetField"}],"type":"SnippetCol"},{"klass":"SnippetCol","category":"misc","icon":"fa fa-edit","template":"<div></div>","properties":{"name":"untitled","fillPage":"None","classes":""},"height":100,"snippets":[{"name":"Text Input","kind":"bootstrap.field","klass":"SnippetField","category":"Forms","icon":"fa fa-edit","template":"\n    <!-- Text Input-->\n    <div class=\"form-group\">\n        <label class=\"control-label editable-label\" for=\"{{ id }}\">{{ label }}</label>\n        {{> textfield}}\n        {{> helptext}}\n    </div>\n","properties":{"field_endpoint":"self/personalcontacts/contact","label":"State","name":"company.contactInfo.shipping.state","required":"","readonly":"","inputsize":"input-sm","placeholder":"","helptext":"","id":"","classes":""},"type":"SnippetField"}],"type":"SnippetCol"},{"klass":"SnippetCol","category":"misc","icon":"fa fa-edit","template":"<div></div>","properties":{"name":"untitled","fillPage":"None","classes":""},"height":100,"snippets":[{"name":"Text Input","kind":"bootstrap.field","klass":"SnippetField","category":"Forms","icon":"fa fa-edit","template":"\n    <!-- Text Input-->\n    <div class=\"form-group\">\n        <label class=\"control-label editable-label\" for=\"{{ id }}\">{{ label }}</label>\n        {{> textfield}}\n        {{> helptext}}\n    </div>\n","properties":{"field_endpoint":"http://bluntsoftware.com/ReachOut/reachout/contact","label":"Zip","name":"company.contactInfo.shipping.zip","required":"","readonly":"","inputsize":"input-sm","placeholder":"","helptext":"","id":"","classes":""},"type":"SnippetField"}],"type":"SnippetCol"}],"columns":"5 4 3","type":"SnippetRow"}],"type":"SnippetCol"},{"klass":"SnippetCol","category":"misc","icon":"fa fa-edit","template":"<div></div>","properties":{"name":"untitled","fillPage":"None","classes":""},"height":100,"snippets":[{"name":"Form List","kind":"bootstrap.form.list","klass":"SnippetFormList","category":"Tables | Lists","icon":"fa fa-newspaper-o","css":"/*-- CSS For Form List---*/","template":"Error: Source sample is missing.","properties":{"endpoint":"model/contactphone/","label":"Phone","readonly":false,"marginleft":"0px","criteria":[{"field":"contactInfo.id","operator":"eq","value":"contactInfo.id"}]},"height":100,"snippets":[{"name":"2 Column Row","klass":"SnippetRow2Col","category":"Columns","icon":"fa fa-edit","template":"\n\n","properties":{"name":"untitled","fillPage":"None","classes":""},"height":100,"snippets":[{"klass":"SnippetCol","category":"misc","icon":"fa fa-edit","template":"<div></div>","properties":{"name":"untitled","fillPage":"None","classes":""},"height":100,"snippets":[{"name":"Text Input","kind":"bootstrap.field","klass":"SnippetField","category":"Forms","icon":"fa fa-edit","template":"<!-- Text Input-->\n<div class=\"form-group\">\n\t{{> textfield}}\n\t{{> helptext}}\n</div>","properties":{"field_endpoint":"self/personalcontacts/contactphone","label":"","name":"phone","submit":true,"required":"","readonly":"","inputsize":"input-sm","placeholder":"","helptext":"","id":"","classes":""},"type":"SnippetField"}],"type":"SnippetCol"},{"klass":"SnippetCol","category":"misc","icon":"fa fa-edit","template":"<div></div>","properties":{"name":"untitled","fillPage":"None","classes":""},"height":100,"snippets":[{"name":"Select","kind":"bootstrap.select","klass":"SnippetField","category":"Forms","icon":"fa fa-chevron-down","template":"<!-- Select -->\n<div class=\"control-group\">\n\t<div class=\"controls\">\n\t\t<select class=\"form-control {{classes}} {{inputsize}} \" {{> idNameField}} {{>multiple}}>\n\t\t\t{{#each options}}\n\t\t\t\t<option value=\"{{value}}\" {{>selected}}>{{ label }}</option>\n\t\t\t{{/each}}\n\t\t</select>\n\t</div>\n</div>","properties":{"multiple":"","options":[{"selected":"","label":"Mobile","value":"Mobile"},{"selected":"","label":"Home","value":"Home"},{"selected":"","label":"Office","value":"Office"},{"selected":"","label":"Fax","value":"Fax"}],"field_endpoint":"self/personalcontacts/contactphone","label":"","name":"type","required":"","readonly":"","inputsize":"input-sm","placeholder":"","helptext":"","id":"","classes":""},"type":"SnippetField"}],"type":"SnippetCol"}],"columns":"7 5","type":"SnippetRow"}],"type":"SnippetFormList"},{"name":"Form List","kind":"bootstrap.form.list","klass":"SnippetFormList","category":"Tables | Lists","icon":"fa fa-newspaper-o","css":"/*-- CSS For Form List---*/","template":"Error: Source sample is missing.","properties":{"endpoint":"model/contactemail/","label":"Email","readonly":false,"marginleft":"0px","criteria":[{"field":"contactInfo.id","operator":"eq","value":"contactInfo.id"}]},"height":100,"snippets":[{"name":"2 Column Row","klass":"SnippetRow2Col","category":"Columns","icon":"fa fa-edit","template":"\n\n","properties":{"name":"untitled","fillPage":"None","classes":""},"height":100,"snippets":[{"klass":"SnippetCol","category":"misc","icon":"fa fa-edit","template":"<div></div>","properties":{"name":"untitled","fillPage":"None","classes":""},"height":100,"snippets":[{"name":"Text Input","kind":"bootstrap.field","klass":"SnippetField","category":"Forms","icon":"fa fa-edit","template":"<!-- Text Input-->\n<div class=\"form-group\">\n\t{{> textfield}}\n\t{{> helptext}}\n</div>","properties":{"field_endpoint":"self/personalcontacts/contactemail","label":"","name":"email","required":"","readonly":"","inputsize":"input-sm","placeholder":"","helptext":"","id":"","classes":""},"type":"SnippetField"}],"type":"SnippetCol"},{"klass":"SnippetCol","category":"misc","icon":"fa fa-edit","template":"<div></div>","properties":{"name":"untitled","fillPage":"None","classes":""},"height":100,"snippets":[{"name":"Select","kind":"bootstrap.select","klass":"SnippetField","category":"Forms","icon":"fa fa-chevron-down","template":"<!-- Select -->\n<div class=\"control-group\">\n\t<div class=\"controls\">\n\t\t<select class=\"form-control {{classes}} {{inputsize}} \" {{> idNameField}} {{>multiple}}>\n\t\t\t{{#each options}}\n\t\t\t\t<option value=\"{{value}}\" {{>selected}}>{{ label }}</option>\n\t\t\t{{/each}}\n\t\t</select>\n\t</div>\n</div>","properties":{"multiple":"","options":[{"selected":"","label":"Work","value":"Work"},{"selected":"","label":"Home","value":"Home"}],"field_endpoint":"self/personalcontacts/contactemail","label":"","name":"type","required":"","readonly":"","inputsize":"input-sm","placeholder":"","helptext":"","id":"","classes":""},"type":"SnippetField"}],"type":"SnippetCol"}],"columns":"7 5","type":"SnippetRow"}],"type":"SnippetFormList"},{"name":"Form List","kind":"bootstrap.form.list","klass":"SnippetFormList","category":"Tables | Lists","icon":"fa fa-newspaper-o","css":"/*-- CSS For Form List---*/","template":"Error: Source sample is missing.","properties":{"endpoint":"model/contactweb/","label":"URL","readonly":false,"marginleft":"0px","criteria":[{"field":"contactInfo.id","operator":"eq","value":"contactInfo.id"}]},"height":100,"snippets":[{"name":"2 Column Row","klass":"SnippetRow2Col","category":"Columns","icon":"fa fa-edit","template":"\n\n","properties":{"name":"untitled","fillPage":"None","classes":""},"height":100,"snippets":[{"klass":"SnippetCol","category":"misc","icon":"fa fa-edit","template":"<div></div>","properties":{"name":"untitled","fillPage":"None","classes":""},"height":100,"snippets":[{"name":"Text Input","kind":"bootstrap.field","klass":"SnippetField","category":"Forms","icon":"fa fa-edit","template":"<!-- Text Input-->\n<div class=\"form-group\">\n\t{{> textfield}}\n\t{{> helptext}}\n</div>","properties":{"field_endpoint":"self/personalcontacts/contactweb","label":"","name":"webUrl","required":"","readonly":"","inputsize":"input-sm","placeholder":"","helptext":"","id":"","classes":""},"type":"SnippetField"}],"type":"SnippetCol"},{"klass":"SnippetCol","category":"misc","icon":"fa fa-edit","template":"<div></div>","properties":{"name":"untitled","fillPage":"None","classes":""},"height":100,"snippets":[{"name":"Select","kind":"bootstrap.select","klass":"SnippetField","category":"Forms","icon":"fa fa-chevron-down","template":"<!-- Select -->\n<div class=\"control-group\">\n\t<div class=\"controls\">\n\t\t<select class=\"form-control {{classes}} {{inputsize}} \" {{> idNameField}} {{>multiple}}>\n\t\t\t{{#each options}}\n\t\t\t\t<option value=\"{{value}}\" {{>selected}}>{{ label }}</option>\n\t\t\t{{/each}}\n\t\t</select>\n\t</div>\n</div>","properties":{"multiple":"","options":[{"selected":"","label":"Website","value":"Website"},{"selected":"","label":"Linkedin","value":"Linkedin"},{"selected":"","label":"Facebook","value":"Facebook"},{"selected":"","label":"Twitter","value":"Twitter"}],"field_endpoint":"self/personalcontacts/contactweb","label":"","name":"type","required":"","readonly":"","inputsize":"input-sm","placeholder":"","helptext":"","id":"","classes":""},"type":"SnippetField"}],"type":"SnippetCol"}],"columns":"7 5","type":"SnippetRow"}],"type":"SnippetFormList"},{"name":"Text Area","kind":"bootstrap.field","klass":"SnippetField","category":"Forms","icon":"fa fa-edit","template":"\n    <!-- Text Area -->\n    <div class=\"form-group\">\n        <label class=\" control-label editable-label\" for=\"{{ id }}\">{{ label }}</label>\n        <textarea  class=\"form-control {{classes}}\" {{> idNameField}} {{>required}} {{>readonly}} >{{ textarea }}</textarea>\n    </div>\n","properties":{"field_endpoint":"self/personalcontacts/contact","label":"Notes","name":"note","required":"","readonly":"","inputsize":"input-sm","placeholder":"","helptext":"","id":"","classes":""},"type":"SnippetField"}],"type":"SnippetCol"}],"columns":"1 7 4","type":"SnippetRow"}],"type":"SnippetForm"}]},{"_id":"41758ef3-71d9-4557-99f6-4eeaa37a53a4","name":"Contacts","klass":"SnippetContainer","category":"misc","icon":"fa fa-edit","template":"<div></div>","properties":{},"height":100,"snippets":[{"name":"1 Column Row","klass":"SnippetRow","category":"Columns","icon":"fa fa-edit","template":"\n\n","properties":{"name":"untitled","fillPage":"None","classes":""},"height":100,"snippets":[{"klass":"SnippetCol","category":"misc","icon":"fa fa-edit","css":"/*-- CSS For undefined---*/","template":"<div></div>","properties":{"name":"untitled","fillPage":"26ec154f-19f5-4b20-9af8-854fdad4fdeb","classes":""},"height":100,"snippets":[],"type":"SnippetCol","javascript":"Error: Source sample is missing."}],"columns":"12","type":"SnippetRow"},{"name":"Carousel","kind":"bootstrap.carousel","klass":"Snippet","category":"Media","icon":"fa fa-edit","css":"/*-- CSS For Carousel---*/","template":"<!-- Carousel -->\n<div class=\"carousel slide\" data-ride=\"carousel\" id=\"{{id}}\">\n\t<ol class=\"carousel-indicators\">\n\t\t{{#each carouselList}}\n\t\t\t<li class=\"test {{#if @first}}active{{/if}}\" data-slide-to=\"{{@index}}\" data-target=\"#{{@root.id}}\"></li>\n\t\t{{/each}}\n\t</ol>\n\t<div class=\"carousel-inner\" role=\"listbox\">\n\t\t{{#each carouselList}}\n\t\t\t<div class=\"item {{#if @first}}active{{/if}}\">\n\t\t\t\t{{#if  @root.scale }}\n\t\t\t\t\t<div class=\"container\">{{/if}}\n\t\t\t\t\t<div class=\"carousel-caption\">\n\t\t\t\t\t\t<h4>{{{header}}}</h4>\n\t\t\t\t\t\t<p>\n\t\t\t\t\t\t\t{{{text}}}</p>\n\t\t\t\t\t</div>\n\t\t\t\t\t{{#if @root.scale}}\n\t\t\t\t\t</div>\n\t\t\t\t{{/if}}\n\t\t\t\t{{#if @root.scale}}\n\t\t\t\t\t<div class=\"header-back\">{{/if}}\n\t\t\t\t\t<img  alt=\"Carousel Bootstrap First\" src=\"{{image}}\"/>\n\t\t\t\t\t{{#if @root.scale}}\n\t\t\t\t\t</div>\n\t\t\t\t{{/if}}\n\t\t\t</div>\n\t\t{{/each}}\n\t</div>\n\t<a class=\"left carousel-control\" data-slide=\"prev\" data-target=\"#{{id}}\" role=\"button\">\n\t\t<span aria-hidden=\"true\" class=\"glyphicon glyphicon-chevron-left\"></span>\n\t\t<span class=\"sr-only\">Previous</span>\n\t</a>\n\t<a class=\"right carousel-control\" data-slide=\"next\" data-target=\"#{{id}}\" role=\"button\">\n\t\t<span aria-hidden=\"true\" class=\"glyphicon glyphicon-chevron-right\"></span>\n\t\t<span class=\"sr-only\">Next</span>\n\t</a>\n</div>","properties":{"scale":false,"carouselList":[{"image":"http://www.linkfresh.com/wp-content/uploads/sunrise_1920x300.jpg","responsive":"img-responsive","imgtype":"","header":"","text":"","icon":"fa-edit"}],"classes":""}},{"name":"4 Column Row","klass":"SnippetRow4Col","category":"Columns","icon":"fa fa-edit","template":"\n\n","properties":{"name":"untitled","fillPage":"None","classes":""},"height":100,"snippets":[{"klass":"SnippetCol","category":"misc","icon":"fa fa-edit","template":"<div></div>","properties":{"name":"untitled","fillPage":"None","classes":""},"height":100,"snippets":[],"type":"SnippetCol"},{"klass":"SnippetCol","category":"misc","icon":"fa fa-edit","template":"<div></div>","properties":{"name":"untitled","fillPage":"None","classes":""},"height":100,"snippets":[],"type":"SnippetCol"},{"klass":"SnippetCol","category":"misc","icon":"fa fa-edit","template":"<div></div>","properties":{"name":"untitled","fillPage":"None","classes":""},"height":100,"snippets":[],"type":"SnippetCol"},{"klass":"SnippetCol","category":"misc","icon":"fa fa-edit","template":"<div></div>","properties":{"name":"untitled","fillPage":"None","classes":""},"height":100,"snippets":[{"name":"Single Button","kind":"bootstrap.button","klass":"SnippetButton","category":"Buttons | Icons","icon":"fa fa-square-o","css":"/*-- CSS For Single Button---*/","template":"<!-- Button (Single) -->\n<div class=\"control-group\">\n\t<label class=\"control-label editable-label\" for=\"{{id}}\">{{ label}}</label>\n\t<div class=\"controls\" data-id=\"{{snip_id}}\">\n\t\t<a class=' btn {{classes}} {{ buttontype}} {{buttonsize}} {{fullwidth}}' href=\"{{link}}\" role=\"button\" type=\"button\" {{> idNameField}}>\n\t\t\t<i class=\"editable-label buttonlabel fa {{icon}}\">\n\t\t\t\t{{ buttonlabel}}</i>\n\t\t</a>\n\t</div>\n</div>","properties":{"submit":"","label":"","buttontype":"btn-default","buttonsize":"btn-sm","buttonlabel":"Add Contact","fullwidth":"","id":"","classes":"","icon":"fa-plus-square","link":"#/lacet/Contact Form"},"type":"SnippetButton","javascript":"Error : Source sample is missing."}],"type":"SnippetCol"}],"columns":"3 3 4 2","type":"SnippetRow"},{"name":"Striped Table","kind":"bootstrap.table","klass":"SnippetTable","category":"Tables | Lists","icon":"fa fa-square-o","css":"/*-- CSS For Striped Table---*/","template":"<div class=\"panel-heading\"><h3 class=\"panel-title\">Contact</h3><div class=\"input-group search\"><input class=\"form-control input-sm\" placeholder=\"Search for\"><span class=\"input-group-btn\"><button type=\"submit\" class=\"btn btn-round btn-sm btn-default\"><i class=\"fa fa-search\"></i></button><button class=\"btn btn-round btn-sm btn-default btn-filter\"><i class=\"fa fa-filter\"></i></button></span></div></div><div class=\"panel-body no-more-tables\"><table class=\"table table-striped table-bordered table-hover table-condensed\"><thead><tr class=\"filters\"><th><div class=\"input-group input-group-unstyled\"><input type=\"text\" class=\"form-control input-sm\" placeholder=\"ID\" disabled=\"\">  <span class=\"input-group-addon\"><i data-sort=\"id\" class=\"text-muted column_sort fa fa-sort\"></i></span></div></th><th><div class=\"input-group input-group-unstyled\"><input type=\"text\" class=\"form-control input-sm\" placeholder=\"First Name\" disabled=\"\">  <span class=\"input-group-addon\"><i data-sort=\"firstName\" class=\"text-muted column_sort fa fa-sort\"></i></span></div></th><th><div class=\"input-group input-group-unstyled\"><input type=\"text\" class=\"form-control input-sm\" placeholder=\"Last Name\" disabled=\"\">  <span class=\"input-group-addon\"><i data-sort=\"lastName\" class=\"text-muted column_sort fa fa-sort\"></i></span></div></th><th><div class=\"input-group input-group-unstyled\"><input type=\"text\" class=\"form-control input-sm\" placeholder=\"Company Name\" disabled=\"\">  <span class=\"input-group-addon\"><i data-sort=\"company.name\" class=\"text-muted column_sort fa fa-sort\"></i></span></div></th></tr></thead><tbody><tr><td>No Data Found</td></tr></tbody></table></div><div class=\"panel-footer\"><div class=\"row container-padding\"><div class=\"col-sm-4\"></div><div class=\"col-sm-4 text-center\"><div class=\"btn-group\"><a type=\"button\" class=\"btn btn-xs btn-round btn-default pager_prev\">Prev</a><a type=\"button\" class=\"btn btn-xs btn-default page_number\">1</a><a type=\"button\" class=\"btn btn-xs btn-round btn-default pager_next\">Next</a></div></div><div class=\"record_count col-sm-4\"></div></div></div>","properties":{"endpoint":"model/contact/","rows":20,"hover":true,"striped":true,"bordered":true,"marginleft":"0px","label":"Contact","condensed":true,"responsive":false,"add_form":"#/lacet/Contact Form","edit_form":"#/lacet/Contact Form","sidx":"id","sord":"ASC","columns":[{"label":"ID","name":"id","format":"text"},{"label":"First Name","name":"firstName","format":"text"},{"label":"Last Name","name":"lastName","format":"text"},{"label":"Company Name","name":"company.name","format":"text"}],"criteria":[]},"type":"SnippetTable"}]},{"_id":"592f1db5-7088-4adb-a55b-608855356cb8","name":"ConduitForm","klass":"SnippetPage","category":"misc","icon":"fa fa-edit","template":"<div></div>","properties":{"secured":false,"name":"untitled","fillPage":"None","classes":""},"height":100,"snippets":[{"name":"1 Column Row","klass":"SnippetRow","category":"Columns","icon":"fa fa-edit","template":"\n\n","properties":{"name":"untitled","fillPage":"None","classes":""},"height":100,"snippets":[{"klass":"SnippetCol","category":"misc","icon":"fa fa-edit","css":"/*-- CSS For undefined---*/","template":"<div></div>","properties":{"name":"untitled","fillPage":"26ec154f-19f5-4b20-9af8-854fdad4fdeb","classes":""},"height":100,"snippets":[],"type":"SnippetCol","javascript":"Error : Source sample is missing."}],"columns":"12","type":"SnippetRow"},{"name":"3 Column Row","klass":"SnippetRow3Col","category":"Columns","icon":"fa fa-edit","template":"\n\n","properties":{"name":"untitled","fillPage":"None","classes":""},"height":100,"snippets":[{"klass":"SnippetCol","category":"misc","icon":"fa fa-edit","template":"<div></div>","properties":{"name":"untitled","fillPage":"None","classes":""},"height":100,"snippets":[],"type":"SnippetCol"},{"klass":"SnippetCol","category":"misc","icon":"fa fa-edit","template":"<div></div>","properties":{"name":"untitled","fillPage":"None","classes":""},"height":100,"snippets":[{"name":"Horizontal Line","kind":"bootstrap.horizontal_line","klass":"Snippet","category":"Media","icon":"fa fa-edit","template":"\n    <!-- Horizontal Line -->\n    <div style=\"border-top:1px solid rgb(185, 185, 185);height:1px;padding:10px;width:100%\"></div>\n","properties":{}},{"name":"Form","kind":"bootstrap.form","klass":"SnippetForm","category":"Forms","icon":"fa fa-edit","css":"/*-- CSS For Form---*/","template":"<!-- Form -->\n<form class=\"form {{type}}\">\n\t{{>legend}}\n</form>","properties":{"endpoint":"conduit/tester","header":"Workflow Parameters","footer":"Blunt Software","marginleft":"0px","panelColor":"panel-warning"},"height":100,"snippets":[{"name":"3 Column Row","klass":"SnippetRow3Col","category":"Columns","icon":"fa fa-edit","template":"\n\n","properties":{"name":"untitled","fillPage":"None","classes":""},"height":100,"snippets":[{"klass":"SnippetCol","category":"misc","icon":"fa fa-edit","template":"<div></div>","properties":{"name":"untitled","fillPage":"None","classes":""},"height":100,"snippets":[{"name":"Text Input","kind":"bootstrap.field","klass":"SnippetField","category":"Forms","icon":"fa fa-edit","css":"/*-- CSS For Text Input---*/","template":"<!-- Text Input-->\n<div class=\"form-group\">\n\t{{#if label}}\n\t\t<label class=\"control-label editable-label\" for=\"{{ id }}\">{{ label }}</label>\n\t{{/if}}\n\t{{> textfield}}\n\t{{> helptext}}\n</div>","properties":{"field_endpoint":"conduit/tester","label":"Name","name":"name","submit":true,"required":"required","readonly":"","inputsize":"input-sm","placeholder":"","helptext":"","id":"","classes":""},"type":"SnippetField","javascript":"Error : Source sample is missing."},{"name":"Text Input","kind":"bootstrap.field","klass":"SnippetField","category":"Forms","icon":"fa fa-edit","css":"/*-- CSS For Text Input---*/","template":"<!-- Text Input-->\n<div class=\"form-group\">\n\t{{#if label}}\n\t\t<label class=\"control-label editable-label\" for=\"{{ id }}\">{{ label }}</label>\n\t{{/if}}\n\t{{> textfield}}\n\t{{> helptext}}\n</div>","properties":{"field_endpoint":"conduit/tester","label":"Age","name":"age","submit":true,"required":"required","readonly":"","inputsize":"input-sm","placeholder":"","helptext":"","id":"","classes":""},"type":"SnippetField","javascript":"Error : Source sample is missing."}],"type":"SnippetCol"},{"klass":"SnippetCol","category":"misc","icon":"fa fa-edit","template":"<div></div>","properties":{"name":"untitled","fillPage":"None","classes":""},"height":100,"snippets":[],"type":"SnippetCol"},{"klass":"SnippetCol","category":"misc","icon":"fa fa-edit","template":"<div></div>","properties":{"name":"untitled","fillPage":"None","classes":""},"height":100,"snippets":[],"type":"SnippetCol"}],"columns":"4 4 4","type":"SnippetRow"},{"name":"Button Group","kind":"bootstrap.buttonGroup","klass":"SnippetButton","category":"Buttons | Icons","icon":"fa fa-square-o","css":"/*-- CSS For Button Group---*/","template":"<!-- Button (Group) -->\n<div class=\"{{direction}} {{justify}}\" data-id=\"{{snip_id}}\">\n\t{{#each buttonList}}\n\t\t<a class=\" btn {{classes}} {{ buttontype}} {{@root.buttonsize}}\" data-idx=\"{{@index}}\" href=\"{{link}}\" role=\"button\" {{> idNameField}}>\n\t\t\t<i class=\"editable-label buttonlabel fa {{icon}}\">\n\t\t\t\t{{buttonlabel}}</i>\n\t\t</a>\n\t\t{{else}}\n\t\t<a>No Buttons Added</a>\n\t{{/each}}\n</div>","properties":{"direction":"btn-group","justify":"","buttonsize":"btn-md","buttonList":[{"submit":"","label":"Single Button","buttontype":"btn-success","buttonsize":"btn-md","buttonlabel":"Cancel","fullwidth":"","id":"","classes":"","icon":"fa-dashboard","link":"#/lacet/Contacts"},{"submit":"conduit/tester","label":"Single Button","buttontype":"btn-primary","buttonsize":"btn-md","buttonlabel":"Send","fullwidth":"","id":"","classes":"","icon":"fa-cube","link":"#/lacet/Contacts"}]},"type":"SnippetButton","javascript":"Error : Source sample is missing."}],"type":"SnippetForm","javascript":"Error : Source sample is missing."}],"type":"SnippetCol"},{"klass":"SnippetCol","category":"misc","icon":"fa fa-edit","template":"<div></div>","properties":{"name":"untitled","fillPage":"None","classes":""},"height":100,"snippets":[],"type":"SnippetCol"}],"columns":"2 8 2","type":"SnippetRow"}],"type":"SnippetPage"},{"_id":"26ec154f-19f5-4b20-9af8-854fdad4fdeb","name":"Nav-Bar","klass":"SnippetPage","category":"misc","icon":"fa fa-edit","template":"<div></div>","properties":{"secured":false,"name":"untitled","fillPage":"None","classes":""},"height":100,"snippets":[{"name":"Nav Bar","kind":"bootstrap.nav","klass":"SnippetNavBar","category":"Media","icon":"fa fa-edit","template":"\n\n","properties":{"Brand":"Blunt Software","Image":"https://www.wildappledesigngroup.com/themes/cherry_responsive_boilerplate/img/stamp-branding.png","image_class":"","img_height":100,"img_width":125,"link":"http://bluntsoftware.com","Inverse":false,"location":"navbar-fixed-top","name":"untitled","fillPage":"None","classes":""},"height":100,"snippets":[{"name":"Nav Bar Item","kind":"bootstrap.navItem","klass":"SnippetNavBarItem","category":"Media","icon":"fa fa-edit","template":"\n\n","properties":{"label":"Home","link":"#/lacet/Home","type":"link","icon":"fa-bank","container":"None","fillPage":"None","location":"navbar-left","menuItems":[]},"javascript":"function sayHello(){ console.log(data);};sayHello();"},{"name":"Nav Bar Item","kind":"bootstrap.navItem","klass":"SnippetNavBarItem","category":"Media","icon":"fa fa-edit","template":"\n\n","properties":{"label":"Dashboard","link":"#/index/dashboard","type":"link","icon":"fa-bars","container":"None","fillPage":"None","location":"navbar-right","menuItems":[]},"javascript":"function sayHello(){ console.log(data);};sayHello();"},{"name":"Nav Bar Item","kind":"bootstrap.navItem","klass":"SnippetNavBarItem","category":"Media","icon":"fa fa-edit","template":"\n\n","properties":{"label":"Editor","link":"#/laceteditor","type":"link","icon":"fa-arrows-v","container":"None","fillPage":"None","location":"navbar-right","menuItems":[]},"javascript":"function sayHello(){ console.log(data);};sayHello();"},{"name":"Nav Bar Item","kind":"bootstrap.navItem","klass":"SnippetNavBarItem","category":"Media","icon":"fa fa-edit","template":"\n\n","properties":{"label":"Log Out","link":"#/logout","type":"link","icon":"fa-ban","container":"None","fillPage":"None","location":"navbar-right","menuItems":[]},"javascript":"function sayHello(){ console.log(data);};sayHello();"},{"name":"Nav Bar Item","kind":"bootstrap.navItem","klass":"SnippetNavBarItem","category":"Media","icon":"fa fa-edit","css":"/*-- CSS For Nav Bar Item---*/","template":"","properties":{"label":"Contacts","link":"#/lacet/Contacts","type":"link","icon":"fa-users","container":"None","fillPage":"None","location":"navbar-left","menuItems":[]},"javascript":"function sayHello(){ console.log(data);};sayHello();"},{"name":"Nav Bar Item","kind":"bootstrap.navItem","klass":"SnippetNavBarItem","category":"Media","icon":"fa fa-edit","css":"/*-- CSS For Nav Bar Item---*/","template":"","properties":{"label":"Conduit Test","link":"#/lacet/ConduitForm","type":"link","icon":"fa-bar-chart-o","container":"None","fillPage":"None","location":"navbar-left","menuItems":[]},"javascript":"Error : Source sample is missing."}],"type":"SnippetNavBar","javascript":"function sayHello(){ console.log(data);};sayHello();"}],"type":"SnippetPage"}]